subjectID,smoothness,order,av_distance,av_distance_prev,reclicks,HVclicks,Novclicks,performance,performance_av,sequence,context,PCA,PEC,E,Novclicksp,HVclicksp,l,b,t,dlogl,dlogb,dlogt,NLL,dnov,dhv,dd,ddprev,logl,logb,logt
1,smooth,SR,25.875,30.875,3,3,234,589.475.806.451.613,543.891.129.032.258,1,smooth,-128.840.758.751.235,128.840.758.751.235,1,0.975,0.0125,416.087.379.385.179,0.621429159,0.060562576,0.695075365,0.103388086,-0.103082016,861.659.163.768.853,-4,3,-190.416.666.666.667,0.5,0.619184543,-0.206608372,-121.779.566.114.133
1,rough,SR,449.166.666.666.667,25.875,0,0,238,498.306.451.612.902,543.891.129.032.258,2,rough,-181.012.390.916.435,181.012.390.916.435,1,0.991666667,0,0.839671046,0.489782814,0.076786762,0.695075365,0.103388086,-0.103082016,828.660.089.895.359,-4,3,-190.416.666.666.667,0.5,-0.075890822,-0.309996458,-111.471.364.525.247
2,smooth,RS,155.833.333.333.333,194.166.666.666.667,76,76,164,659.516.129.032.255,619.596.774.193.547,2,smooth,105.897.904.592.666,-105.897.904.592.666,1,0.683333333,0.316666667,103.343.442.083.181,0.195177843,0.06347434,110.016.566.639.649,0.161348798,0.188915698,808.871.011.480.464,55,-53,-0.1,0.029166667,101.428.292.259.417,-0.709569486,-119.740.180.372.612
2,rough,RS,165.833.333.333.333,19.125,129,129,109,579.677.419.354.839,619.596.774.193.547,1,rough,202.858.315.993.221,-202.858.315.993.221,1,0.454166667,0.5375,0.820573063,0.134611361,0.041084925,110.016.566.639.649,0.161348798,0.188915698,62.456.586.188.221,55,-53,-0.1,0.029166667,-0.085882744,-0.870918284,-13.863.175.020.131
3,smooth,RS,212.083.333.333.333,263.333.333.333.333,16,16,210,630.685.483.870.967,610.504.032.258.065,2,smooth,-0.514945321,0.514945321,1,0.875,0.066666667,0.715056282,0.393620379,0.088264612,-0.019064648,0.271860085,0.156508905,906.747.054.243.902,69,-79,-0.283333333,0.379166667,-0.145659774,-0.404922425,-105.421.338.561.159
3,rough,RS,240.416.666.666.667,225.416.666.666.667,95,95,141,590.322.580.645.162,610.504.032.258.065,1,rough,0.944702222,-0.944702222,1,0.5875,0.395833333,0.747144966,0.210483225,0.061557037,-0.019064648,0.271860085,0.156508905,874.552.145.833.625,69,-79,-0.283333333,0.379166667,-0.126595126,-0.67678251,-121.072.229.064.374
4,smooth,SR,119.583.333.333.333,158.333.333.333.333,44,44,194,589.838.709.677.419,604.153.225.806.452,1,smooth,0.828961051,-0.828961051,1,0.808333333,0.183333333,0.658486764,0.343729626,0.055790291,-0.02855932,0.137501544,0.068258659,663.772.220.743.921,68,-70,0.129166667,0.291666667,-0.18145295,-0.463783035,-125.344.136.963.263
4,rough,SR,106.666.666.666.667,129.166.666.666.667,114,114,126,618.467.741.935.485,604.153.225.806.452,2,rough,230.813.551.655.526,-230.813.551.655.526,1,0.525,0.475,0.703244541,0.250446762,0.047676018,-0.02855932,0.137501544,0.068258659,64.578.908.157.535,68,-70,0.129166667,0.291666667,-0.15289363,-0.601284579,-132.170.002.842.603
5,smooth,RS,169.166.666.666.667,197.916.666.666.667,6,6,232,564.233.870.967.741,510.201.612.903.226,2,smooth,-0.280508764,0.280508764,1,0.966666667,0.025,240.988.100.186.131,168.776.175.153.137,0.066597219,15.631.755.850.027,0.625511279,-0.014192434,95.143.909.728.762,-6,6,-122.916.666.666.666,-0.558333333,138.199.559.796.452,0.227311141,-1.176.543.908.079
5,rough,RS,292.083.333.333.333,25.375,0,0,238,456.169.354.838.711,510.201.612.903.226,1,rough,-117.574.554.479.943,117.574.554.479.943,1,0.991666667,0,0.658900767,0.399760483,0.06880952,15.631.755.850.027,0.625511279,-0.014192434,851.033.955.019.143,-6,6,-122.916.666.666.666,-0.558333333,-0.181179987,-0.398200139,-116.235.147.410.967
6,smooth,SR,371.666.666.666.667,350.416.666.666.667,5,5,234,57.508.064.516.129,544.899.193.548.386,1,smooth,-193.788.336.424.031,193.788.336.424.031,1,0.975,0.020833333,463.304.224.841.687,0.691576629,0.063370619,0.838975043,0.235103678,-0.071170715,93.578.712.948.408,-2,5,-0.170833333,0.433333333,0.665866261,-0.160159692,-119.811.204.971.425
6,rough,SR,38.875,307.083.333.333.333,0,0,236,514.717.741.935.482,544.899.193.548.386,2,rough,-182.696.983.332.058,182.696.983.332.058,1,0.983333333,0,0.671260694,0.402472888,0.07465496,0.838975043,0.235103678,-0.071170715,846.442.872.377.287,-2,5,-0.170833333,0.433333333,-0.173108783,-0.39526337,-11.269.413.349.276
7,smooth,RS,169.166.666.666.667,1.85,129,129,110,679.516.129.032.258,656.673.387.096.774,2,smooth,20.411.829.901.315,-20.411.829.901.315,1,0.458333333,0.5375,570.181.929.117.629,0.006737947,0.059850487,131.667.381.154.488,-145.013.836.495.362,0.116009232,66.850.310.874.981,10,-11,-0.025,0.220833333,0.756013449,-217.147.240.951.626,-122.293.230.904.939
7,rough,RS,171.666.666.666.667,162.916.666.666.667,140,140,100,63.383.064.516.129,656.673.387.096.774,1,rough,234.705.960.139.464,-234.705.960.139.464,1,0.416666667,0.583333333,0.275004397,0.18996166,0.045820356,131.667.381.154.488,-145.013.836.495.362,0.116009232,563.610.407.753.752,10,-11,-0.025,0.220833333,-0.560660363,-0.721334045,-133.894.154.093.103
8,smooth,RS,320.416.666.666.667,277.083.333.333.333,7,7,233,579.959.677.419.356,535.907.258.064.516,2,smooth,-130.484.608.427.654,130.484.608.427.654,1,0.970833333,0.029166667,0.614948861,0.479962317,0.085432481,-0.091123882,0.026705993,0.023226806,825.196.911.793.327,-2,5,0,-0.279166667,-0.211160998,-0.318792859,-106.837.698.142.757
8,rough,RS,320.416.666.666.667,3.05,2,2,235,491.854.838.709.676,535.907.258.064.516,1,rough,-152.405.571.715.453,152.405.571.715.453,1,0.979166667,0.008333333,0.758512747,0.451337218,0.080983439,-0.091123882,0.026705993,0.023226806,885.342.457.556.411,-2,5,0,-0.279166667,-0.120037116,-0.345498852,-109.160.378.726.627
9,smooth,SR,2.575,2.425,40,40,198,620.766.129.032.258,578.548.387.096.774,1,smooth,-0.244974315,0.244974315,1,0.825,0.166666667,0.6794611,0.372537749,0.073725235,-0.030370689,0.322107316,0.239938185,932.784.296.648.208,41,-43,-0.058333333,0.375,-0.167835402,-0.428829714,-113.238.383.340.839
9,rough,SR,263.333.333.333.333,2.05,83,83,157,536.330.645.161.291,578.548.387.096.774,2,rough,0.712209888,-0.712209888,1,0.654166667,0.345833333,0.728677377,0.177444675,0.042430484,-0.030370689,0.322107316,0.239938185,861.712.417.913.116,41,-43,-0.058333333,0.375,-0.137464714,-0.75093703,-137.232.201.822.268
10,smooth,SR,22.125,2.85,40,40,198,632.822.580.645.161,633.467.741.935.484,1,smooth,-0.341258558,0.341258558,1,0.825,0.166666667,0.707166045,0.378416027,0.079163867,-0.045963739,0.178705583,0.17974423,866.228.951.586.529,77,-78,0.429166667,0.75,-0.150478601,-0.422030478,-110.147.299.882.492
10,rough,SR,178.333.333.333.333,2.1,118,118,121,634.112.903.225.806,633.467.741.935.484,2,rough,166.476.768.704.587,-166.476.768.704.587,1,0.504166667,0.491666667,0.78611329,0.250763278,0.05233386,-0.045963739,0.178705583,0.17974423,636.553.835.470.502,77,-78,0.429166667,0.75,-0.104514861,-0.600736061,-128.121.722.882.081
11,smooth,SR,21.125,242.916.666.666.667,123,123,117,679.153.225.806.453,624.274.193.548.387,1,smooth,143.723.197.959.641,-143.723.197.959.641,1,0.4875,0.5125,139.859.407.605.644,0.805000334,0.056142083,145.727.247.763.275,0.792416616,0.126090643,652.746.629.116.217,6,-5,-108.333.333.333.333,-0.733333333,114.569.168.439.225,-0.09420394,-125.071.147.488.314
11,rough,SR,319.583.333.333.333,31.625,128,128,111,569.395.161.290.322,624.274.193.548.387,2,rough,0.712335538,-0.712335538,1,0.4625,0.533333333,0.487999309,0.129831312,0.041995029,145.727.247.763.275,0.792416616,0.126090643,715.498.476.998.602,6,-5,-108.333.333.333.333,-0.733333333,-0.311580793,-0.886620556,-13.768.021.182.386
12,smooth,RS,275.416.666.666.667,272.083.333.333.333,26,26,205,606.935.483.870.968,569.858.870.967.741,2,smooth,-0.670846478,0.670846478,1,0.854166667,0.108333333,0.713611288,0.420659147,0.078622401,-0.004577607,0.045517547,0.036641136,818.681.404.804.259,-4,5,-273.333.333.333.333,0.145833333,-0.146538289,-0.376069663,-110.445.369.698.257
12,rough,RS,54.875,2.575,21,21,209,532.782.258.064.514,569.858.870.967.741,1,rough,-17.278.234.640.596,17.278.234.640.596,1,0.870833333,0.0875,0.721172767,0.378802459,0.0722612,-0.004577607,0.045517547,0.036641136,850.344.190.794.151,-4,5,-273.333.333.333.333,0.145833333,-0.141960682,-0.42158721,-114.109.483.340.267
13,smooth,SR,0.916666667,114.583.333.333.333,123,123,116,64.625,617.782.258.064.516,1,smooth,262.170.731.205.645,-262.170.731.205.645,1,0.483333333,0.5125,57.576.629.348.047,0.051342832,0.046564988,106.043.773.592.553,-0.493772312,0.204288196,709.665.497.352.288,48,-48,0.5,0.525,0.760246237,-12.895.201.771.804,-133.194.050.304.714
13,rough,SR,0.416666667,0.620833333,171,171,68,589.314.516.129.031,617.782.258.064.516,2,rough,39.882.635.372.373,-39.882.635.372.373,1,0.283333333,0.7125,0.500966287,0.160048694,0.029091847,106.043.773.592.553,-0.493772312,0.204288196,418.692.437.982.225,48,-48,0.5,0.525,-0.300191499,-0.795747865,-153.622.869.939.269
14,smooth,RS,307.916.666.666.667,27.625,16,16,218,593.951.612.903.226,548.427.419.354.839,2,smooth,-103.100.064.475.752,103.100.064.475.752,1,0.908333333,0.066666667,61.189.279.398.171,0.848665824,0.070314143,0.865256879,0.408123517,0.058263901,898.944.526.089.528,-6,6,-2.25,-0.1375,0.786675339,-0.071263287,-115.295.730.956.265
14,rough,RS,532.916.666.666.667,2.9,10,10,224,502.903.225.806.453,548.427.419.354.839,1,rough,-2.086.487.105.772,2.086.487.105.772,1,0.933333333,0.041666667,0.834484857,0.331598988,0.061486361,0.865256879,0.408123517,0.058263901,865.517.991.492.446,-6,6,-2.25,-0.1375,-0.07858154,-0.479386804,-121.122.121.075.111
15,smooth,SR,331.666.666.666.667,340.416.666.666.667,3,3,235,61.717.741.935.484,601.391.129.032.259,1,smooth,-175.529.138.835.375,175.529.138.835.375,1,0.979166667,0.0125,162.058.469.470.544,0.350087735,0.073220296,144.676.031.112.743,0.156568968,0.162193378,956.321.115.643.144,95,-95,171.666.666.666.667,1.6,120.967.173.298.134,-0.455823104,-113.536.852.217.427
15,rough,SR,1.6,180.416.666.666.667,98,98,140,585.604.838.709.678,601.391.129.032.259,2,rough,154.195.159.997.182,-154.195.159.997.182,1,0.583333333,0.408333333,0.579310529,0.244122567,0.050400878,144.676.031.112.743,0.156568968,0.162193378,69.275.705.647.104,95,-95,171.666.666.666.667,1.6,-0.237088578,-0.612392072,-129.756.190.019.652
16,smooth,SR,174.583.333.333.333,174.166.666.666.667,18,18,210,564.032.258.064.516,522.721.774.193.548,1,smooth,0.143742885,-0.143742885,1,0.875,0.075,0.622760242,0.395035851,0.068198167,0.077170689,-0.03209056,-0.029961713,695.054.621.277.539,-13,12,-258.333.333.333.334,-164.166.666.666.666,-0.205679121,-0.403363488,-116.622.729.575.958
16,rough,SR,432.916.666.666.667,338.333.333.333.333,6,6,223,48.141.129.032.258,522.721.774.193.548,2,rough,-199.612.960.315.543,199.612.960.315.543,1,0.929166667,0.025,0.521374984,0.425331034,0.073069211,0.077170689,-0.03209056,-0.029961713,796.648.084.616.195,-13,12,-258.333.333.333.334,-164.166.666.666.666,-0.28284981,-0.371272928,-113.626.558.234.877
17,smooth,RS,180.833.333.333.333,20.125,93,93,141,594.233.870.967.744,548.830.645.161.291,2,smooth,129.094.404.835.153,-129.094.404.835.153,1,0.5875,0.3875,0.663202698,0.21701611,0.046674092,0.039149454,-0.156597506,-0.111986478,709.922.458.774.422,-74,71,-122.083.333.333.334,-0.533333333,-0.178353716,-0.663508025,-133.092.412.454.376
17,rough,RS,302.916.666.666.667,254.583.333.333.333,22,22,215,503.427.419.354.838,548.830.645.161.291,1,rough,-0.808861026,0.808861026,1,0.895833333,0.091666667,0.606033777,0.311235753,0.060403535,0.039149454,-0.156597506,-0.111986478,862.545.874.662.276,-74,71,-122.083.333.333.334,-0.533333333,-0.21750317,-0.506910519,-121.893.764.695.278
18,smooth,SR,3.45,261.666.666.666.667,2,2,236,600.241.935.483.871,550.423.387.096.774,1,smooth,-138.736.082.965.617,138.736.082.965.617,1,0.983333333,0.008333333,259.482.180.693.607,0.546362768,0.086551204,0.555029315,0.060061343,0.015960281,903.293.262.852.605,-3,2,-113.333.333.333.333,0.041666667,0.414107539,-0.262518904,-106.272.688.534.512
18,rough,SR,458.333.333.333.333,2.575,0,0,239,500.604.838.709.676,550.423.387.096.774,2,rough,-184.784.555.037.102,184.784.555.037.102,1,0.995833333,0,0.722899998,0.475794868,0.083428192,0.555029315,0.060061343,0.015960281,844.363.308.760.869,-3,2,-113.333.333.333.333,0.041666667,-0.140921776,-0.322580246,-107.868.716.680.271
19,smooth,RS,276.666.666.666.667,265.833.333.333.333,53,53,182,563.145.161.290.324,511.310.483.870.969,2,smooth,-0.182108494,0.182108494,1,0.758333333,0.220833333,0.700299456,0.257664715,0.048380969,0.007945834,-0.155522837,-0.12996459,750.193.478.357.499,-54,52,-0.504166667,-0.35,-0.154716211,-0.58894505,-131.532.544.176.894
19,rough,RS,327.083.333.333.333,300.833.333.333.333,1,1,236,459.475.806.451.614,511.310.483.870.969,1,rough,-154.500.320.031.692,154.500.320.031.692,1,0.983333333,0.004166667,0.687603305,0.368619061,0.06525881,0.007945834,-0.155522837,-0.12996459,8.460.476.989.696,-54,52,-0.504166667,-0.35,-0.162662044,-0.433422212,-118.536.085.129.718
20,smooth,SR,233.333.333.333.333,255.833.333.333.333,9,9,231,559.435.483.870.967,522.197.580.645.161,1,smooth,-0.813704201,0.813704201,1,0.9625,0.0375,0.70662478,0.486240501,0.086073948,0.022080102,-0.017641305,-0.013186652,775.436.493.657.769,-1,3,-31.625,-0.070833333,-0.150811137,-0.31314887,-106.512.827.505.166
20,rough,SR,549.583.333.333.333,262.916.666.666.667,6,6,232,484.959.677.419.355,522.197.580.645.161,2,rough,-211.084.653.869.755,211.084.653.869.755,1,0.966666667,0.025,0.671597021,0.506398529,0.088727527,0.022080102,-0.017641305,-0.013186652,871.068.412.422.176,-1,3,-31.625,-0.070833333,-0.172891239,-0.295507565,-105.194.162.299.158
21,smooth,RS,0.9125,1.075,151,151,89,582.016.129.032.259,580.887.096.774.194,2,smooth,31.677.006.323.348,-31.677.006.323.348,1,0.370833333,0.629166667,0.541602053,0.126498427,0.025480951,-0.836242638,0.160425392,-0.248833714,445.870.320.524.342,-5,12,0.020833333,0.075,-0.266319698,-0.897914873,-15.937.843.644.861
21,rough,RS,0.891666667,1,139,139,94,57.975.806.451.613,580.887.096.774.194,1,rough,306.194.606.241.789,-306.194.606.241.789,1,0.391666667,0.579166667,371.469.311.236.906,0.08742985,0.045190729,-0.836242638,0.160425392,-0.248833714,6.880.537.937.734,-5,12,0.020833333,0.075,0.569922941,-105.834.026.499.906,-134.495.065.073.148
22,smooth,RS,0.845833333,103.333.333.333.333,187,187,53,65.100.806.451.613,606.592.741.935.484,2,smooth,387.782.467.226.086,-387.782.467.226.086,1,0.220833333,0.779166667,0.705415554,0.119430448,0.027085101,-0.066059913,0.015754067,0.042233553,444.760.809.243.803,-37,37,-1.425,-107.083.333.333.334,-0.151554969,-0.92288494,-156.726.954.523.861
22,rough,RS,227.083.333.333.333,210.416.666.666.667,150,150,90,562.177.419.354.838,606.592.741.935.484,1,rough,205.267.708.629.941,-205.267.708.629.941,1,0.375,0.625,0.821305903,0.115175735,0.024575191,-0.066059913,0.015754067,0.042233553,568.795.112.193.624,-37,37,-1.425,-107.083.333.333.334,-0.085495056,-0.938639007,-160.950.309.848.912
23,smooth,SR,161.666.666.666.667,195.416.666.666.667,136,136,104,668.266.129.032.256,675.806.451.612.902,1,smooth,213.153.324.999.615,-213.153.324.999.615,1,0.433333333,0.566666667,232.631.983.529.386,0.006737947,0.070540551,14.842.305.169.264,-113.593.101.632.719,0.228911933,82.802.777.068.971,34,-34,0.529166667,0.608333333,136.666.942.370.036,-217.147.240.951.626,-115.156.115.129.262
23,rough,SR,10.875,134.583.333.333.333,170,170,70,683.346.774.193.547,675.806.451.612.902,2,rough,329.853.866.705.806,-329.853.866.705.806,1,0.291666667,0.708333333,0.762849572,0.092142206,0.041641553,14.842.305.169.264,-113.593.101.632.719,0.228911933,447.139.111.475.705,34,-34,0.529166667,0.608333333,-0.117561093,-103.554.139.318.907,-138.047.308.463.901
24,smooth,SR,2.275,282.916.666.666.667,49,49,190,633.508.064.516.129,584.556.451.612.904,1,smooth,-0.197780433,0.197780433,1,0.791666667,0.204166667,0.778246344,0.365280895,0.076092028,-152.295.184.991.121,-0.35659765,0.179393859,826.138.245.143.859,35,-36,-247.083.333.333.333,-12.875,-0.108882911,-0.437373042,-111.866.084.295.707
24,rough,SR,474.583.333.333.333,411.666.666.666.667,85,85,155,535.604.838.709.679,584.556.451.612.904,2,rough,-121.570.029.977.571,121.570.029.977.571,1,0.645833333,0.354166667,259.459.118.971.899,0.83028006,0.050343719,-152.295.184.991.121,-0.35659765,0.179393859,948.542.414.779.633,35,-36,-247.083.333.333.333,-12.875,141.406.893.904.937,-0.080775392,-129.805.470.239.157
25,smooth,RS,22.875,199.166.666.666.667,10,10,224,591.491.935.483.871,540.927.419.354.839,2,smooth,-0.406979286,0.406979286,1,0.933333333,0.041666667,197.087.356.418.435,160.140.555.149.457,0.053644744,149.320.703.097.399,0.507072973,-0.212842236,843.343.915.743.618,6,-2,-0.75,-0.2875,12.946.587.642.397,0.20450133,-127.047.282.518.466
25,rough,RS,30.375,227.916.666.666.667,12,12,218,490.362.903.225.806,540.927.419.354.839,1,rough,-0.782593307,0.782593307,1,0.908333333,0.05,0.63307,0.498228259,0.087572835,149.320.703.097.399,0.507072973,-0.212842236,820.521.036.491.531,6,-2,-0.75,-0.2875,-0.198548267,-0.302571643,-105.763.058.873.098
26,smooth,RS,248.333.333.333.333,289.583.333.333.333,42,42,197,617.258.064.516.129,584.334.677.419.355,2,smooth,-0.443860214,0.443860214,1,0.820833333,0.175,143.380.575.293.264,0.709060712,0.076542057,135.375.479.222.923,0.37009851,0.055440041,953.420.302.857.065,13,-9,-178.333.333.333.334,-0.179166667,115.649.031.859.562,-0.149316577,-111.609.986.959.253
26,rough,RS,426.666.666.666.667,3.075,51,51,184,551.411.290.322.581,584.334.677.419.355,1,rough,-102.970.493.967.679,102.970.493.967.679,1,0.766666667,0.2125,0.63494415,0.302402177,0.067368998,135.375.479.222.923,0.37009851,0.055440041,965.089.966.900.877,13,-9,-178.333.333.333.334,-0.179166667,-0.197264474,-0.519415087,-117.153.991.092.157
27,smooth,RS,0.554166667,0.833333333,175,175,63,664.032.258.064.515,641.068.548.387.096,2,smooth,389.977.685.028.161,-389.977.685.028.161,1,0.2625,0.729166667,0.480876444,0.202449814,0.04606239,-0.115342527,0.006696618,-0.032957232,530.632.641.226.826,-29,53,-119.166.666.666.666,-0.5375,-0.317966497,-0.693682619,-13.366.535.326.184
27,rough,RS,174.583.333.333.333,137.083.333.333.333,122,122,92,618.104.838.709.676,641.068.548.387.096,1,rough,238.990.380.748.646,-238.990.380.748.646,1,0.383333333,0.508333333,0.627156648,0.199352076,0.049693971,-0.115342527,0.006696618,-0.032957232,701.232.366.671.613,-29,53,-119.166.666.666.666,-0.5375,-0.20262397,-0.700379236,-130.369.630.032.616
28,smooth,SR,26.375,2.3,84,84,155,640.201.612.903.226,575.282.258.064.516,1,smooth,0.599261975,-0.599261975,1,0.645833333,0.35,0.611304415,0.241228781,0.0622023,-0.127482235,-0.027804869,0.024167782,812.543.795.923.616,-37,55,-137.083.333.333.333,-0.645833333,-0.213742468,-0.617570878,-120.619.355.791.632
28,rough,SR,400.833.333.333.333,294.583.333.333.333,29,29,192,510.362.903.225.806,575.282.258.064.516,2,rough,-113.239.484.353.609,113.239.484.353.609,1,0.8,0.120833333,0.81986013,0.257178104,0.058835393,-0.127482235,-0.027804869,0.024167782,936.105.763.656.765,-37,55,-137.083.333.333.333,-0.645833333,-0.086260233,-0.589766009,-123.036.134.022.399
29,smooth,SR,1.85,217.083.333.333.333,18,18,206,515.725.806.451.614,495.262.096.774.194,1,smooth,-0.097969684,0.097969684,1,0.858333333,0.075,21.283.386.110.651,112.147.071.064.463,0.073118606,161.613.006.732.961,0.601817503,0.024286237,115.466.715.936.697,26,-2,-0.45,-0.0375,13.280.407.238.196,0.049787936,-113.597.209.807.836
29,rough,SR,2.3,220.833.333.333.333,20,20,180,474.798.387.096.775,495.262.096.774.194,2,rough,-0.033294023,0.033294023,1,0.75,0.083333333,0.515122662,0.280524265,0.069141957,161.613.006.732.961,0.601817503,0.024286237,109.031.901.574.072,26,-2,-0.45,-0.0375,-0.288089344,-0.552029567,-116.025.833.533.217
30,smooth,SR,194.166.666.666.667,250.416.666.666.667,10,10,229,537.217.741.935.482,480.403.225.806.451,1,smooth,-0.60470827,0.60470827,1,0.954166667,0.041666667,188.624.006.892.957,0.549945246,0.059466812,154.953.807.808.897,0.014276202,-0.214923704,102.491.775.733.062,6,7,-145.416.666.666.666,-0.125,127.559.696.622.543,-0.259680548,-122.572.534.512.152
30,rough,SR,339.583.333.333.333,262.916.666.666.667,3,3,223,423.588.709.677.419,480.403.225.806.451,2,rough,-124.374.738.190.945,124.374.738.190.945,1,0.929166667,0.0125,0.532180415,0.532161252,0.097543506,154.953.807.808.897,0.014276202,-0.214923704,912.630.453.844.381,6,7,-145.416.666.666.666,-0.125,-0.273941112,-0.27395675,-101.080.164.078.468
31,smooth,RS,20.125,239.166.666.666.667,51,51,178,611.612.903.225.808,533.689.516.129.033,2,smooth,0.276265081,-0.276265081,1,0.741666667,0.2125,152.110.133.063.551,102.082.071.182.891,0.05351153,128.931.354.626.546,0.601646066,-0.0042948,810.693.992.694.209,-14,24,-1.425,-0.7,118.215.814.624.893,0.008949473,-127.155.262.987.733
31,rough,RS,34.375,309.166.666.666.667,27,27,192,455.766.129.032.259,533.689.516.129.033,1,rough,-101.122.477.443.781,101.122.477.443.781,1,0.8,0.1125,0.781348171,0.25544853,0.054043339,128.931.354.626.546,0.601646066,-0.0042948,977.583.642.303.012,-14,24,-1.425,-0.7,-0.1071554,-0.592696593,-126.725.782.996.409
32,smooth,RS,213.333.333.333.333,247.083.333.333.333,88,88,151,607.540.322.580.645,583.084.677.419.354,2,smooth,0.772446999,-0.772446999,1,0.629166667,0.366666667,0.713288704,0.257369303,0.053710022,-0.073001925,0.146170219,-0.004167835,723.869.190.277.531,-9,10,-0.266666667,-0.225,-0.146734654,-0.589443253,-126.994.466.639.341
32,rough,RS,2.4,269.583.333.333.333,78,78,160,558.629.032.258.064,583.084.677.419.354,1,rough,0.369993161,-0.369993161,1,0.666666667,0.325,0.843853917,0.183817361,0.054227948,-0.073001925,0.146170219,-0.004167835,865.348.347.680.351,-9,10,-0.266666667,-0.225,-0.073732729,-0.735613473,-126.577.683.187.257
33,smooth,SR,2.875,381.666.666.666.667,17,17,222,643.588.709.677.419,559.052.419.354.839,1,smooth,-156.618.936.518.794,156.618.936.518.794,1,0.925,0.070833333,0.706803284,0.486517885,0.108200099,-0.005486392,0.089014545,0.078334431,102.030.554.753.236,-14,13,-19.375,-1.15,-0.150701441,-0.31290119,-0.965772341
33,rough,SR,48.125,496.666.666.666.667,4,4,236,474.516.129.032.259,559.052.419.354.839,2,rough,-320.171.234.726.025,320.171.234.726.025,1,0.983333333,0.016666667,0.715788886,0.39635493,0.090342734,-0.005486392,0.089014545,0.078334431,106.422.755.208.737,-14,13,-19.375,-1.15,-0.145215049,-0.401915735,-104.410.677.243.201
34,smooth,SR,2.85,2.6,3,3,231,526.814.516.129.034,495.483.870.967.742,1,smooth,-109.094.352.943.733,109.094.352.943.733,1,0.9625,0.0125,0.618559064,0.414688108,0.069180975,-0.00849608,0.014506307,0.05178918,710.028.589.365.031,-2,0,0.245833333,0.433333333,-0.208618825,-0.382278418,-116.001.332.343.765
34,rough,SR,260.416.666.666.667,216.666.666.666.667,3,3,233,464.153.225.806.451,495.483.870.967.742,2,rough,-0.773663146,0.773663146,1,0.970833333,0.0125,0.630779042,0.401065471,0.061404118,-0.00849608,0.014506307,0.05178918,691.064.942.825.692,-2,0,0.245833333,0.433333333,-0.200122745,-0.396784726,-121.180.250.325.074
35,smooth,RS,3.15,187.083.333.333.333,75,75,160,571.653.225.806.453,501.693.548.387.098,2,smooth,0.511728101,-0.511728101,1,0.666666667,0.3125,169.321.356.447.131,0.006737947,0.060819609,154.339.410.437.927,-140.889.030.178.761,0.228348103,94.000.406.594.831,12,7,-111.666.666.666.667,0.058333333,122.871.173.898.426,-217.147.240.951.626,-121.595.637.280.617
35,rough,RS,426.666.666.666.667,18.125,68,68,148,431.733.870.967.742,501.693.548.387.098,1,rough,0.160573205,-0.160573205,1,0.616666667,0.283333333,0.484526611,0.172749935,0.035949721,154.339.410.437.927,-140.889.030.178.761,0.228348103,999.107.015.294.658,12,7,-111.666.666.666.667,0.058333333,-0.314682365,-0.762582108,-144.430.447.551.906
36,smooth,RS,246.666.666.666.667,214.166.666.666.667,21,21,213,610.241.935.483.871,553.387.096.774.194,2,smooth,-0.357514063,0.357514063,1,0.8875,0.0875,0.553919489,0.493816077,0.088710164,-0.070896095,0.146391748,0.092963679,796.857.564.159.068,2,-6,-0.720833333,-12.125,-0.256553354,-0.306434775,-10.520.266.161.553
36,rough,RS,31.875,335.416.666.666.667,27,27,211,496.532.258.064.516,553.387.096.774.194,1,rough,-123.680.587.845.287,123.680.587.845.287,1,0.879166667,0.1125,0.652142856,0.352511652,0.071615941,-0.070896095,0.146391748,0.092963679,941.666.831.643.612,2,-6,-0.720833333,-12.125,-0.185657259,-0.452826523,-114.499.029.492.234
37,smooth,SR,195.416.666.666.667,201.666.666.666.667,84,84,155,632.056.451.612.904,550.120.967.741.936,1,smooth,102.064.328.887.231,-102.064.328.887.231,1,0.645833333,0.35,0.606971945,0.294628643,0.058811286,0.022673628,-0.027810675,0.040963924,780.780.846.217.155,-46,49,-134.583.333.333.333,-0.758333333,-0.216831382,-0.530725035,-123.053.932.453.036
37,rough,SR,3.3,2.775,35,35,201,468.185.483.870.968,550.120.967.741.936,2,rough,-0.792795792,0.792795792,1,0.8375,0.145833333,0.576096173,0.314112805,0.053517615,0.022673628,-0.027810675,0.040963924,75.264.706.664.668,-46,49,-134.583.333.333.333,-0.758333333,-0.23950501,-0.502914359,-127.150.324.834.635
38,smooth,RS,0.504166667,0.804166667,150,150,90,67.975.806.451.613,642.620.967.741.936,2,smooth,345.757.367.226.918,-345.757.367.226.918,1,0.375,0.625,0.631365164,0.256822405,0.045142618,0.040196326,0.068980416,0.103677879,584.325.375.315.787,2,-1,0.025,0.045833333,-0.199719384,-0.590367091,-134.541.326.229.669
38,rough,RS,0.479166667,0.758333333,151,151,88,605.483.870.967.741,642.620.967.741.936,1,rough,352.034.741.003.548,-352.034.741.003.548,1,0.366666667,0.629166667,0.575551632,0.219105103,0.035555669,0.040196326,0.068980416,0.103677879,502.651.559.262.049,2,-1,0.025,0.045833333,-0.239915711,-0.659347507,-144.909.114.105.594
39,smooth,SR,215.833.333.333.333,226.666.666.666.667,20,20,214,586.733.870.967.742,508.266.129.032.259,1,smooth,-0.326306922,0.326306922,1,0.891666667,0.083333333,0.657929634,0.375345105,0.065567531,0.030415339,-0.007886637,0.004259612,791.786.729.504.689,-17,17,-1.425,-0.345833333,-0.181820552,-0.425569243,-118.331.117.271.594
39,rough,SR,358.333.333.333.333,26.125,3,3,231,429.798.387.096.775,508.266.129.032.259,2,rough,-138.107.159.435.609,138.107.159.435.609,1,0.9625,0.0125,0.613428725,0.382223508,0.06492758,0.030415339,-0.007886637,0.004259612,857.124.568.645.191,-17,17,-1.425,-0.345833333,-0.212235891,-0.417682606,-118.757.078.445.387
40,smooth,RS,29.875,3.225,66,66,173,633.266.129.032.258,558.346.774.193.548,2,smooth,-0.380723752,0.380723752,1,0.720833333,0.275,0.741485897,0.300706512,0.07403531,-0.021713966,-0.01465439,0.049611398,840.975.300.065.353,-40,42,-129.583.333.333.333,-102.083.333.333.333,-0.129897105,-0.521857167,-113.056.110.196.345
40,rough,RS,428.333.333.333.333,424.583.333.333.333,24,24,213,483.427.419.354.839,558.346.774.193.548,1,rough,-220.148.663.387.288,220.148.663.387.288,1,0.8875,0.1,0.779501331,0.311026378,0.066043108,-0.021713966,-0.01465439,0.049611398,954.628.762.191.088,-40,42,-129.583.333.333.333,-102.083.333.333.333,-0.108183139,-0.507202778,-118.017.249.957
41,smooth,RS,161.666.666.666.667,1.8,7,7,230,576.008.064.516.129,505.181.451.612.903,2,smooth,-0.124305064,0.124305064,1,0.958333333,0.029166667,0.600870158,0.475168545,0.077965206,-0.082979285,0.038792929,0.063623523,71.037.114.110.863,-2,3,-154.166.666.666.666,-0.804166667,-0.221219364,-0.323152316,-110.809.917.005.088
41,rough,RS,315.833.333.333.333,260.416.666.666.667,4,4,232,434.354.838.709.678,505.181.451.612.903,1,rough,-121.250.308.260.393,121.250.308.260.393,1,0.966666667,0.016666667,0.727377597,0.434565009,0.06734065,-0.082979285,0.038792929,0.063623523,812.779.469.812.894,-2,3,-154.166.666.666.666,-0.804166667,-0.138240079,-0.361945245,-117.172.269.335.008
42,smooth,SR,187.916.666.666.667,202.916.666.666.667,11,11,226,592.983.870.967.741,564.173.387.096.773,1,smooth,-0.279599421,0.279599421,1,0.941666667,0.045833333,0.758115205,0.449038729,0.081615653,0.072828819,0.228686987,0.211763058,767.736.990.553.553,81,-78,-0.45,0.2875,-0.120264793,-0.3477162,-108.822.653.793.591
42,rough,SR,232.916.666.666.667,174.166.666.666.667,89,89,145,535.362.903.225.805,564.173.387.096.773,2,rough,116.691.485.831.616,-116.691.485.831.616,1,0.604166667,0.370833333,0.641071378,0.265214225,0.050119924,0.072828819,0.228686987,0.211763058,790.789.950.450.529,81,-78,-0.45,0.2875,-0.193093612,-0.576403187,-129.998.959.620.355
43,smooth,SR,214.166.666.666.667,223.333.333.333.333,7,7,229,564.758.064.516.127,526.895.161.290.322,1,smooth,-0.5586598,0.5586598,1,0.954166667,0.029166667,0.624417001,0.500430236,0.093131032,0.032466597,-0.109061635,-0.095850159,825.908.329.856.049,-9,7,-0.854166667,-0.045833333,-0.204525281,-0.300656458,-103.090.558.419.366
43,rough,SR,299.583.333.333.333,227.916.666.666.667,0,0,238,489.032.258.064.516,526.895.161.290.322,2,rough,-106.109.509.404.298,106.109.509.404.298,1,0.991666667,0,0.579439533,0.643287595,0.11613004,0.032466597,-0.109061635,-0.095850159,877.378.606.975.392,-9,7,-0.854166667,-0.045833333,-0.236991878,-0.191594824,-0.935055425
44,smooth,RS,149.166.666.666.667,162.083.333.333.333,125,125,115,656.653.225.806.454,584.879.032.258.065,2,smooth,21.630.695.465.106,-21.630.695.465.106,1,0.479166667,0.520833333,0.583606371,0.256940522,0.051366941,0.026699383,0.088905219,0.096676191,6.015.004.380.614,-44,51,-140.833.333.333.333,-0.579166667,-0.233879976,-0.590167398,-128.931.629.588.362
44,rough,RS,2.9,2.2,74,74,159,513.104.838.709.676,584.879.032.258.065,1,rough,0.425456303,-0.425456303,1,0.6625,0.308333333,0.548808263,0.209376233,0.041115683,0.026699383,0.088905219,0.096676191,784.558.293.515.632,-44,51,-140.833.333.333.333,-0.579166667,-0.260579359,-0.679072617,-138.599.248.721.448
45,smooth,RS,207.083.333.333.333,211.666.666.666.667,6,6,223,573.870.967.741.935,526.935.483.870.967,2,smooth,-0.419904877,0.419904877,1,0.929166667,0.025,0.653686274,0.392646191,0.066453483,0.019823657,0.045899901,0.030897503,708.209.333.198.723,3,2,-0.166666667,-0.104166667,-0.184630634,-0.405998611,-117.748.225.152.277
45,rough,RS,22.375,222.083.333.333.333,4,4,220,48,526.935.483.870.967,1,rough,-0.532540005,0.532540005,1,0.916666667,0.016666667,0.624519077,0.353265713,0.061889966,0.019823657,0.045899901,0.030897503,78.809.617.437.219,3,2,-0.166666667,-0.104166667,-0.204454291,-0.451898511,-120.837.975.487.853
46,smooth,SR,200.416.666.666.667,2.65,54,54,182,67.157.258.064.516,652.802.419.354.838,1,smooth,0.126059982,-0.126059982,1,0.758333333,0.225,163.619.166.150.958,0.70761327,0.076031958,112.387.679.346.581,111.371.763.757.763,0.242008931,870.909.262.895.676,96,-98,0.4375,0.641666667,121.383.417.504.474,-0.150204031,-111.900.382.495.214
46,rough,SR,156.666.666.666.667,200.833.333.333.333,152,152,86,634.032.258.064.516,652.802.419.354.838,2,rough,243.314.951.223.458,-243.314.951.223.458,1,0.358333333,0.633333333,123.014.804.733.528,0.054460087,0.043549908,112.387.679.346.581,111.371.763.757.763,0.242008931,596.805.777.030.251,96,-98,0.4375,0.641666667,0.089957382,-126.392.166.884.803,-136.101.275.610.665
47,smooth,SR,279.166.666.666.667,299.166.666.666.667,10,10,228,588.225.806.451.613,540.887.096.774.193,1,smooth,-119.467.501.732.398,119.467.501.732.398,1,0.95,0.041666667,125.406.448.370.885,0.236568079,0.058287364,122.470.548.290.737,-0.220100794,-0.120123395,856.866.873.944.626,-7,6,-125.416.666.666.666,-0.458333333,109.831.986.839.176,-0.626043857,-123.442.558.343.656
47,rough,SR,404.583.333.333.333,3.45,4,4,235,493.548.387.096.773,540.887.096.774.193,2,rough,-205.324.712.798.584,205.324.712.798.584,1,0.979166667,0.016666667,0.747505488,0.392696416,0.076859545,122.470.548.290.737,-0.220100794,-0.120123395,930.719.965.814.245,-7,6,-125.416.666.666.666,-0.458333333,-0.126385615,-0.405943062,-11.143.021.884.361
48,smooth,RS,145.416.666.666.667,197.916.666.666.667,113,113,125,671.572.580.645.161,655.383.064.516.129,2,smooth,177.648.730.612.367,-177.648.730.612.367,1,0.520833333,0.470833333,477.123.514.366.977,0.141883699,0.059357045,0.755436145,-0.166997208,0.059043243,703.309.151.292.317,8,-7,-0.395833333,-0.0375,0.678630821,-0.848067498,-122.652.772.462.402
48,rough,RS,1.85,201.666.666.666.667,120,120,117,639.193.548.387.098,655.383.064.516.129,1,rough,174.063.129.865.007,-174.063.129.865.007,1,0.4875,0.5,0.837904796,0.208415354,0.051811842,0.755436145,-0.166997208,0.059043243,630.083.941.719.275,8,-7,-0.395833333,-0.0375,-0.076805324,-0.68107029,-128.557.096.763.009
49,smooth,RS,255.833.333.333.333,244.583.333.333.333,0,0,240,600.000.000.000.001,557.983.870.967.741,2,smooth,-100.335.232.637.842,100.335.232.637.842,1,1,0,0.650872336,0.540713487,0.091914628,-0.064861197,0.12524675,0.111817123,720.858.385.033.455,7,-5,-0.025,-0.025,-0.186504187,-0.267032797,-103.661.536.825.112
49,rough,RS,258.333.333.333.333,247.083.333.333.333,5,5,233,515.967.741.935.481,557.983.870.967.741,1,rough,-0.91652192,0.91652192,1,0.970833333,0.020833333,0.755713203,0.405247601,0.071050561,-0.064861197,0.12524675,0.111817123,828.557.199.493.993,7,-5,-0.025,-0.025,-0.12164299,-0.392279548,-11.484.324.908.408
50,smooth,SR,194.583.333.333.333,252.083.333.333.333,99,99,139,677.580.645.161.291,613.931.451.612.903,1,smooth,102.836.671.327.576,-102.836.671.327.576,1,0.579166667,0.4125,0.910890561,0.272834557,0.071577469,-0.231366963,0.150795211,0.069288184,838.171.127.704.404,-46,46,-259.583.333.333.334,-2,-0.040533798,-0.564100624,-114.522.366.112.435
50,rough,SR,454.166.666.666.667,452.083.333.333.333,53,53,185,550.282.258.064.515,613.931.451.612.903,2,rough,-19.307.461.198.508,19.307.461.198.508,1,0.770833333,0.220833333,155.179.077.020.578,0.192798728,0.061022241,-0.231366963,0.150795211,0.069288184,956.236.455.765.771,-46,46,-259.583.333.333.334,-2,0.190833164,-0.714895835,-121.451.184.498.155
51,smooth,RS,400.833.333.333.333,329.583.333.333.333,48,48,177,592.782.258.064.516,559.455.645.161.291,2,smooth,-101.508.296.803.146,101.508.296.803.146,1,0.7375,0.2,1.864.673.074.154,153.154.581.330.431,0.058769555,134.752.563.983.229,0.777003161,0.024912385,816.342.953.123.162,-3,10,-20.625,-0.720833333,127.060.269.966.387,0.185129992,-123.084.759.725.009
51,rough,RS,607.083.333.333.333,401.666.666.666.667,38,38,180,526.129.032.258.066,559.455.645.161.291,1,rough,-233.100.678.133.172,233.100.678.133.172,1,0.75,0.158333333,0.837677904,0.255933321,0.055493232,134.752.563.983.229,0.777003161,0.024912385,896.830.118.995.887,-3,10,-20.625,-0.720833333,-0.07692294,-0.591873168,-125.575.998.235.643
52,smooth,RS,165.833.333.333.333,186.666.666.666.667,56,56,178,588.467.741.935.485,544.274.193.548.387,2,smooth,0.750353894,-0.750353894,1,0.741666667,0.233333333,0.614921323,0.313259442,0.05726714,0.008232887,-0.024958473,0.026476468,766.611.336.844.754,-28,34,-0.445833333,-0.0125,-0.211180447,-0.504095831,-124.209.450.613.042
52,rough,RS,210.416.666.666.667,187.916.666.666.667,22,22,206,50.008.064.516.129,544.274.193.548.387,1,rough,0.002401247,-0.002401247,1,0.858333333,0.091666667,0.603374103,0.331789504,0.053880179,0.008232887,-0.024958473,0.026476468,688.356.724.741.631,-28,34,-0.445833333,-0.0125,-0.219413334,-0.479137357,-126.857.097.412.462
53,smooth,RS,139.583.333.333.333,167.083.333.333.333,119,119,121,66.733.870.967.742,605.483.870.967.742,2,smooth,206.207.716.695.352,-206.207.716.695.352,1,0.504166667,0.495833333,0.754869803,0.307684384,0.059576002,0.08779436,0.144309699,0.176586759,725.193.298.021.124,-18,18,-0.975,-0.425,-0.122127948,-0.511894545,-122.492.864.482.037
53,rough,RS,237.083.333.333.333,209.583.333.333.333,101,101,139,543.629.032.258.064,605.483.870.967.742,1,rough,111.870.422.808.741,-111.870.422.808.741,1,0.579166667,0.420833333,0.616705316,0.220696658,0.039672046,0.08779436,0.144309699,0.176586759,796.892.147.666.029,-18,18,-0.975,-0.425,-0.209922308,-0.656204244,-140.151.540.402.739
54,smooth,RS,202.916.666.666.667,251.666.666.666.667,65,65,175,664.153.225.806.451,602.963.709.677.419,2,smooth,0.355474179,-0.355474179,1,0.729166667,0.270833333,588.759.048.006.589,0.49474267,0.066043339,0.866859245,0.312302171,0.212377124,757.153.173.758.963,20,-18,-0.095833333,0.441666667,0.769937594,-0.305620632,-118.017.097.623.137
54,rough,RS,2.125,2.075,83,83,155,541.774.193.548.388,602.963.709.677.419,1,rough,0.913152998,-0.913152998,1,0.645833333,0.345833333,0.799978563,0.241033383,0.040499709,0.866859245,0.312302171,0.212377124,610.164.422.526.732,20,-18,-0.095833333,0.441666667,-0.09692165,-0.617922803,-139.254.809.986.885
55,smooth,RS,182.083.333.333.333,218.333.333.333.333,140,140,100,716.975.806.451.611,63.391.129.032.258,2,smooth,199.876.450.240.322,-199.876.450.240.322,1,0.416666667,0.583333333,976.494.406.970.733,0.006737947,0.067210773,106.854.220.656.845,0,0.448117848,668.174.813.912.871,37,-36,0.229166667,0.308333333,0.98966976,-217.147.240.951.626,-117.256.110.996.735
55,rough,RS,159.166.666.666.667,1.875,176,176,63,550.846.774.193.549,63.391.129.032.258,1,rough,292.915.626.862.148,-292.915.626.862.148,1,0.2625,0.733333333,0.833926075,0.006737947,0.023950856,106.854.220.656.845,0,0.448117848,630.353.142.335.976,37,-36,0.229166667,0.308333333,-0.078872446,-217.147.240.951.626,-162.067.895.753.416
56,smooth,RS,0.941666667,1.3,134,134,106,668.104.838.709.677,626.693.548.387.097,2,smooth,27.191.149.642.506,-27.191.149.642.506,1,0.441666667,0.558333333,637.572.372.177.089,0.006737947,0.0585926,0.775822537,-0.744358521,0.190647485,651.478.352.552.252,5,-5,-142.083.333.333.333,-0.975,0.80452949,-217.147.240.951.626,-123.215.723.179.556
56,rough,RS,23.625,2.275,139,139,101,585.282.258.064.516,626.693.548.387.097,1,rough,172.027.189.679.502,-172.027.189.679.502,1,0.420833333,0.579166667,106.833.375.916.167,0.03740125,0.037774201,0.775822537,-0.744358521,0.190647485,697.078.051.544.778,5,-5,-142.083.333.333.333,-0.975,0.028706952,-142.711.388.807.539,-142.280.471.696.566
57,smooth,SR,0.970833333,12.375,147,147,92,561.209.677.419.358,592.701.612.903.228,1,smooth,299.064.310.696.049,-299.064.310.696.049,1,0.383333333,0.6125,177.473.688.460.048,0.006737947,0.059089603,13.239.322.199.642,-136.656.751.435.686,0.130941042,903.437.817.095.807,0,0,-0.783333333,-0.970833333,124.913.397.539.885,-217.147.240.951.626,-122.848.892.428.769
57,rough,SR,175.416.666.666.667,220.833.333.333.333,147,147,92,624.193.548.387.098,592.701.612.903.228,2,rough,214.845.336.964.912,-214.845.336.964.912,1,0.383333333,0.6125,0.84178611,0.156709421,0.043708916,13.239.322.199.642,-136.656.751.435.686,0.130941042,601.925.121.724.094,0,0,-0.783333333,-0.970833333,-0.074798245,-0.804904895,-135.942.996.616.596
58,smooth,RS,285.416.666.666.667,246.666.666.666.667,1,1,238,548.104.838.709.676,485.584.677.419.355,2,smooth,-110.153.059.297.326,110.153.059.297.326,1,0.991666667,0.004166667,0.556649617,0.567510224,0.090900518,-0.025453294,0.069812632,0.028477388,691.587.644.013.618,14,-4,-26.625,-0.545833333,-0.254418086,-0.24602631,-10.414.336.422.294
58,rough,RS,551.666.666.666.667,30.125,5,5,224,423.064.516.129.034,485.584.677.419.355,1,rough,-226.690.117.689.984,226.690.117.689.984,1,0.933333333,0.020833333,0.59024893,0.483237977,0.085131242,-0.025453294,0.069812632,0.028477388,85.343.939.728.365,14,-4,-26.625,-0.545833333,-0.228964791,-0.315838942,-106.991.102.998.612
59,smooth,RS,1,114.166.666.666.667,200,200,40,618.951.612.903.225,566.572.580.645.161,2,smooth,399.684.123.874.171,-399.684.123.874.171,1,0.166666667,0.833333333,342.062.894.273.516,0.110801074,0.046912815,171.919.781.976.198,-0.458146295,-0.084413531,750.889.993.000.885,-175,179,-1.725,-137.083.333.333.333,15.341.059.660.697,-0.95545603,-132.870.850.705.129
59,rough,RS,2.725,25.125,21,21,215,514.193.548.387.096,566.572.580.645.161,1,rough,-0.681969412,0.681969412,1,0.895833333,0.0875,0.65299243,0.318192739,0.056977714,171.919.781.976.198,-0.458146295,-0.084413531,817.421.971.599.733,-175,179,-1.725,-137.083.333.333.333,-0.185091854,-0.497309735,-124.429.497.570.341
60,smooth,RS,49.875,38.625,2,2,237,503.629.032.258.065,470.141.129.032.258,2,smooth,-268.292.498.307.607,268.292.498.307.607,1,0.9875,0.008333333,189.917.115.083.847,187.274.647.356.156,0.07886321,158.374.625.568.753,0.543514992,-0.127207217,110.013.915.008.931,8,0,-277.083.333.333.333,-0.754166667,127.856.410.455.553,0.272478988,-110.312.554.705.264
60,rough,RS,775.833.333.333.333,461.666.666.666.667,2,2,229,436.653.225.806.451,470.141.129.032.258,1,rough,-409.795.995.487.244,409.795.995.487.244,1,0.954166667,0.008333333,0.495242433,0.535752241,0.105701627,158.374.625.568.753,0.543514992,-0.127207217,955.616.844.952.079,8,0,-277.083.333.333.333,-0.754166667,-0.305182151,-0.271036004,-0.97591833
61,smooth,RS,204.166.666.666.667,20.875,13,13,225,568.951.612.903.225,531.572.580.645.161,2,smooth,-0.347316767,0.347316767,1,0.9375,0.054166667,224.329.920.224.111,113.405.439.005.419,0.062141074,147.771.021.308.188,0.413939232,-0.062200885,906.867.680.787.122,1,1,0.0875,0.158333333,135.088.720.190.055,0.054633884,-120.662.124.483.415
61,rough,RS,195.416.666.666.667,192.916.666.666.667,12,12,224,494.193.548.387.096,531.572.580.645.161,1,rough,-0.225328832,0.225328832,1,0.933333333,0.05,0.746753022,0.437214596,0.071709986,147.771.021.308.188,0.413939232,-0.062200885,792.621.635.106.021,1,1,0.0875,0.158333333,-0.126823011,-0.359305348,-114.442.035.975.853
62,smooth,RS,154.583.333.333.333,19.375,115,115,120,641.935.483.870.968,554.495.967.741.935,2,smooth,182.880.708.616.899,-182.880.708.616.899,1,0.5,0.479166667,715.670.037.927.682,0.006737947,0.055410785,102.321.704.140.984,-176.855.370.275.795,-0.096096031,871.670.922.653.022,-112,111,-166.666.666.666.667,-0.6,0.854712836,-217.147.240.951.626,-125.640.569.864.934
62,rough,RS,32.125,25.375,4,4,232,467.056.451.612.902,554.495.967.741.935,1,rough,-119.635.857.236.484,119.635.857.236.484,1,0.966666667,0.016666667,0.67841555,0.395440634,0.069133785,102.321.704.140.984,-176.855.370.275.795,-0.096096031,846.297.009.852.936,-112,111,-166.666.666.666.667,-0.6,-0.168504206,-0.402918707,-116.030.966.784.515
63,smooth,RS,287.083.333.333.333,271.666.666.666.667,8,8,231,563.629.032.258.065,526.270.161.290.323,2,smooth,-111.837.576.336.391,111.837.576.336.391,1,0.9625,0.033333333,150.893.895.383.966,117.865.970.810.181,0.058961818,135.252.510.394.989,0.383406946,-0.178102259,954.151.078.548.176,-6,7,-2.1,-0.333333333,117.867.167.016.203,0.071388438,-122.942.913.427.625
63,rough,RS,497.083.333.333.333,3.05,1,1,237,488.911.290.322.581,526.270.161.290.323,1,rough,-223.390.027.706.815,223.390.027.706.815,1,0.9875,0.004166667,0.670110721,0.487507713,0.088853211,135.252.510.394.989,0.383406946,-0.178102259,864.650.473.282.888,-6,7,-2.1,-0.333333333,-0.173853434,-0.312018509,-105.132.687.499.065
64,smooth,SR,297.916.666.666.667,358.333.333.333.333,39,39,200,651.814.516.129.031,599.354.838.709.676,1,smooth,-107.262.243.095.932,107.262.243.095.932,1,0.833333333,0.1625,967.764.547.931.617,0.006737947,0.080932261,0.110487612,-206.356.373.835.195,0.152991525,95.734.306.997.276,44,-35,-0.179166667,0.425,0.985769709,-217.147.240.951.626,-109.187.832.683.145
64,rough,SR,315.833.333.333.333,315.833.333.333.333,74,74,156,546.895.161.290.321,599.354.838.709.676,2,rough,-0.179234321,0.179234321,1,0.65,0.308333333,750.381.462.180.136,0.77999412,0.056902343,0.110487612,-206.356.373.835.195,0.152991525,899.366.800.864.581,44,-35,-0.179166667,0.425,0.875282096,-0.107908671,-124.486.985.202.044
65,smooth,RS,289.166.666.666.667,310.833.333.333.333,27,27,210,609.959.677.419.355,563.125,2,smooth,-0.976632652,0.976632652,1,0.875,0.1125,907.111.007.521.115,116.531.459.807.156,0.063331998,122.208.033.996.152,0.68899025,0.111909725,890.631.278.278.273,34,-23,-1.575,0.0375,0.957660437,0.066443187,-119.837.680.722.832
65,rough,RS,446.666.666.666.667,307.083.333.333.333,50,50,176,516.290.322.580.645,563.125,1,rough,-103.952.745.625.498,103.952.745.625.498,1,0.733333333,0.208333333,0.543976448,0.238480535,0.048945579,122.208.033.996.152,0.68899025,0.111909725,869.265.953.438.796,34,-23,-1.575,0.0375,-0.264419903,-0.622547063,-131.028.653.215.092
66,smooth,RS,285.833.333.333.333,337.916.666.666.667,43,43,192,600.725.806.451.615,567.903.225.806.453,2,smooth,-0.80190101,0.80190101,1,0.8,0.179166667,0.852111774,0.330774634,0.071899004,0.058603159,-0.119044764,-0.116152635,855.855.282.752.611,-40,37,-0.4125,-0.7625,-0.069503434,-0.480467803,-114.327.712.804.416
66,rough,RS,327.083.333.333.333,414.166.666.666.667,6,6,232,53.508.064.516.129,567.903.225.806.453,1,rough,-2.092.480.208.485,2.092.480.208.485,1,0.966666667,0.025,0.744549211,0.435087855,0.093945397,0.058603159,-0.119044764,-0.116152635,988.202.837.171.441,-40,37,-0.4125,-0.7625,-0.128106592,-0.361423039,-10.271.244.927.497
67,smooth,RS,2.15,305.416.666.666.667,59,59,179,679.233.870.967.741,586.713.709.677.419,2,smooth,-0.081647962,0.081647962,1,0.745833333,0.245833333,0.775712967,0.373962691,0.086198105,0.053624177,0.061532617,0.108245941,876.996.954.017.191,-40,49,-169.166.666.666.667,-0.091666667,-0.110298949,-0.427171723,-106.450.228.221.374
67,rough,RS,384.166.666.666.667,314.583.333.333.333,10,10,219,494.193.548.387.098,586.713.709.677.419,1,rough,-160.238.093.474.849,160.238.093.474.849,1,0.9125,0.041666667,0.685609575,0.324560497,0.067181822,0.053624177,0.061532617,0.108245941,965.675.705.672.319,-40,49,-169.166.666.666.667,-0.091666667,-0.163923126,-0.48870434,-117.274.822.306.918
68,smooth,RS,27.375,20.125,4,4,231,577.661.290.322.582,520.181.451.612.903,2,smooth,-0.711805985,0.711805985,1,0.9625,0.016666667,0.730428819,0.496017049,0.081691624,0.008388835,0.061632568,0.01695322,716.437.075.620.327,5,-1,-102.916.666.666.667,-0.333333333,-0.1364221,-0.304503396,-108.782.247.215.057
68,rough,RS,376.666.666.666.667,234.583.333.333.333,5,5,226,462.701.612.903.224,520.181.451.612.903,1,rough,-123.906.782.632.143,123.906.782.632.143,1,0.941666667,0.020833333,0.716455242,0.430391848,0.07856413,0.008388835,0.061632568,0.01695322,891.067.335.631.928,5,-1,-102.916.666.666.667,-0.333333333,-0.144810935,-0.366135964,-110.477.569.208.985
69,smooth,RS,223.333.333.333.333,226.666.666.666.667,148,148,91,599.637.096.774.194,62.953.629.032.258,2,smooth,194.936.021.318.635,-194.936.021.318.635,1,0.379166667,0.616666667,0.578804807,0.098061938,0.040743295,0.043640087,-0.243668604,0.023186537,668.509.611.742.703,27,-28,14.625,15.375,-0.237467871,-100.849.952.740.368,-138.994.385.649.501
69,rough,RS,0.770833333,0.729166667,176,176,64,659.435.483.870.966,62.953.629.032.258,1,rough,387.383.905.052.033,-387.383.905.052.033,1,0.266666667,0.733333333,0.523470296,0.171857732,0.038625099,0.043640087,-0.243668604,0.023186537,460.306.437.888.163,27,-28,14.625,15.375,-0.281107957,-0.764830924,-141.313.039.392.198
70,smooth,SR,332.083.333.333.333,280.833.333.333.333,13,13,222,596.129.032.258.065,576.451.612.903.226,1,smooth,-121.417.522.733.551,121.417.522.733.551,1,0.925,0.054166667,141.205.619.372.944,0.325197366,0.06073856,131.694.323.588.643,0.100481547,0.090395775,834.143.653.841.899,55,-59,0.979166667,0.845833333,114.985.198.010.177,-0.48785298,-121.653.550.595.528
70,rough,SR,234.166.666.666.667,19.625,72,72,167,556.774.193.548.387,576.451.612.903.226,2,rough,0.680715305,-0.680715305,1,0.695833333,0.3,0.680626328,0.25802719,0.049325185,131.694.323.588.643,0.100481547,0.090395775,734.408.677.561.314,55,-59,0.979166667,0.845833333,-0.167091256,-0.588334528,-130.693.128.118.797
71,smooth,SR,257.916.666.666.667,337.916.666.666.667,2,2,228,610.967.741.935.485,534.637.096.774.194,1,smooth,-140.078.677.984.657,140.078.677.984.657,1,0.95,0.008333333,124.672.123.520.487,0.565023299,0.076582451,119.859.502.796.366,0.22005198,0.04517142,9.827.841.423.238,-6,0,-1.65,-106.666.666.666.666,109.576.935.680.946,-0.247933643,-111.587.073.941.031
71,rough,SR,422.916.666.666.667,444.583.333.333.333,2,2,234,458.306.451.612.902,534.637.096.774.194,2,rough,-268.655.744.078.805,268.655.744.078.805,1,0.975,0.008333333,0.789176835,0.340419459,0.06901728,119.859.502.796.366,0.22005198,0.04517142,974.218.854.814.267,-6,0,-1.65,-106.666.666.666.666,-0.102825671,-0.467985623,-116.104.215.904.087
72,smooth,SR,13.375,18.875,67,67,172,642.822.580.645.161,618.608.870.967.742,1,smooth,101.833.565.534.125,-101.833.565.534.125,1,0.716666667,0.279166667,0.668710613,0.278442768,0.055216388,-0.118370478,0.162282456,0.07172621,889.531.445.696.808,43,-42,-0.6,-0.420833333,-0.174761784,-0.555264058,-125.793.200.523.296
72,rough,SR,19.375,230.833.333.333.333,109,109,129,594.395.161.290.322,618.608.870.967.742,2,rough,133.338.853.099.011,-133.338.853.099.011,1,0.5375,0.454166667,0.878230861,0.191625582,0.046810339,-0.118370478,0.162282456,0.07172621,710.236.652.661.533,43,-42,-0.6,-0.420833333,-0.056391306,-0.717546514,-13.296.582.151.282
73,smooth,SR,305.833.333.333.333,2.85,7,7,230,638.548.387.096.776,626.915.322.580.646,1,smooth,-12.647.225.151.951,12.647.225.151.951,1,0.958333333,0.029166667,0.673090921,0.521612379,0.105680743,-0.200028325,0.456154345,0.299753234,907.582.557.114.829,99,-96,0.2875,0.204166667,-0.171926268,-0.28265211,-0.97600414
73,rough,SR,277.083.333.333.333,264.583.333.333.333,103,103,131,615.282.258.064.516,626.915.322.580.646,2,rough,0.750862035,-0.750862035,1,0.545833333,0.429166667,1.066.846.796.616,0.182470871,0.052995943,-0.200028325,0.456154345,0.299753234,833.966.759.385.433,99,-96,0.2875,0.204166667,0.028102058,-0.738806455,-127.575.737.375.822
74,smooth,RS,147.916.666.666.667,2.025,92,92,148,60.443.548.387.097,581.834.677.419.355,2,smooth,13.370.974.227.776,-13.370.974.227.776,1,0.616666667,0.383333333,197.960.577.900.147,0.006737947,0.066393314,159.625.880.235.473,-152.649.710.016.463,0.072380014,970.063.184.674.122,-14,15,-0.029166667,-0.025,129.657.871.296.332,-217.147.240.951.626,-117.787.565.610.248
74,rough,RS,150.833.333.333.333,2.05,77,77,162,55.923.387.096.774,581.834.677.419.355,1,rough,10.457.027.112.394,-10.457.027.112.394,1,0.675,0.320833333,0.501556555,0.226477306,0.056201037,159.625.880.235.473,-152.649.710.016.463,0.072380014,870.128.675.664.526,-14,15,-0.029166667,-0.025,-0.299680089,-0.644975309,-12.502.556.697.831
75,smooth,RS,0.975,10.875,185,185,55,634.637.096.774.195,586.552.419.354.839,2,smooth,376.110.005.976.768,-376.110.005.976.768,1,0.229166667,0.770833333,0.580305663,0.110781501,0.031826646,0.097856371,-0.319407265,-0.076768787,351.119.477.322.457,-86,88,-110.416.666.666.667,-0.575,-0.236343191,-0.955532753,-149.720.912.528.604
75,rough,RS,207.916.666.666.667,16.625,97,97,141,538.467.741.935.484,586.552.419.354.839,1,rough,141.730.759.569.356,-141.730.759.569.356,1,0.5875,0.404166667,0.463234011,0.231139682,0.037980411,0.097856371,-0.319407265,-0.076768787,580.277.572.270.331,-86,88,-110.416.666.666.667,-0.575,-0.334199562,-0.636125488,-142.044.033.854.814
76,smooth,SR,204.583.333.333.333,247.083.333.333.333,11,11,227,628.911.290.322.582,567.016.129.032.259,1,smooth,-0.598761634,0.598761634,1,0.945833333,0.045833333,156.871.468.734.337,0.862897493,0.077518523,139.927.886.054.659,0.316964376,0.000166976,975.038.474.232.749,-5,8,-159.166.666.666.667,-0.658333333,119.554.396.272.024,-0.064040793,-111.059.450.990.974
76,rough,SR,36.375,312.916.666.666.667,3,3,232,505.120.967.741.936,567.016.129.032.259,2,rough,-16.984.853.506.146,16.984.853.506.146,1,0.966666667,0.0125,0.625554427,0.415905661,0.077488725,139.927.886.054.659,0.316964376,0.000166976,856.679.381.133.048,-5,8,-159.166.666.666.667,-0.658333333,-0.203734898,-0.381005169,-111.076.148.606.226
77,smooth,RS,172.916.666.666.667,180.833.333.333.333,8,8,227,625.685.483.870.966,571.330.645.161.289,2,smooth,-0.135466371,0.135466371,1,0.945833333,0.033333333,0.794509463,0.451584742,0.071096405,-0.009477469,0.049178111,0.02176639,613.239.673.042.416,-2,3,-102.916.666.666.666,-0.766666667,-0.099900926,-0.34526074,-114.815.235.802.112
77,rough,RS,275.833.333.333.333,2.575,5,5,229,516.975.806.451.613,571.330.645.161.289,1,rough,-100.491.391.872.839,100.491.391.872.839,1,0.954166667,0.020833333,0.812038357,0.403237719,0.067620948,-0.009477469,0.049178111,0.02176639,768.875.477.844.915,-2,3,-102.916.666.666.666,-0.766666667,-0.090423456,-0.39443885,-116.991.874.782.186
78,smooth,RS,329.166.666.666.667,3.025,118,118,122,660.846.774.193.546,599.858.870.967.739,2,smooth,0.558823115,-0.558823115,1,0.508333333,0.491666667,40.896.219.837.397,0.250954732,0.056770095,-0.001847133,0.110340379,0.077911228,69.390.836.292.693,-14,14,-122.083.333.333.333,-13.875,0.611683167,-0.600404611,-12.458.803.783.841
78,rough,RS,45.125,44.125,104,104,136,538.870.967.741.932,599.858.870.967.739,1,rough,-0.941080924,0.941080924,1,0.566666667,0.433333333,41.070.529.259.603,0.19465027,0.04744696,-0.001847133,0.110340379,0.077911228,791.745.119.458.959,-14,14,-122.083.333.333.333,-13.875,0.613530299,-0.71074499,-132.379.160.621.344
79,smooth,RS,290.416.666.666.667,271.666.666.666.667,13,13,220,564.596.774.193.547,518.467.741.935.484,2,smooth,-0.983772495,0.983772495,1,0.916666667,0.054166667,0.650926809,0.405999948,0.079594154,-0.077406416,0.020871532,0.028108623,869.476.585.885.646,-10,7,-136.666.666.666.666,-0.554166667,-0.186467841,-0.391474022,-109.911.882.666.975
79,rough,RS,427.083.333.333.333,327.083.333.333.333,6,6,230,47.233.870.967.742,518.467.741.935.484,1,rough,-19.759.758.386.364,19.759.758.386.364,1,0.958333333,0.025,0.777926515,0.38694964,0.074605793,-0.077406416,0.020871532,0.028108623,949.748.896.829.673,-10,7,-136.666.666.666.666,-0.554166667,-0.109061426,-0.412345554,-11.272.274.496.778
80,smooth,RS,320.416.666.666.667,347.916.666.666.667,4,4,233,53.625,501.693.548.387.096,2,smooth,-172.590.256.654.788,172.590.256.654.788,1,0.970833333,0.016666667,150.358.966.342.884,12.731.855.525.614,0.063287365,126.691.963.959.486,0.484916671,-0.118233375,103.049.017.659.248,0,0,-0.6875,-0.25,117.712.933.145.302,0.104891702,-119.868.298.729.021
80,rough,RS,389.166.666.666.667,372.916.666.666.667,4,4,233,467.137.096.774.193,501.693.548.387.096,1,rough,-213.036.227.848.431,213.036.227.848.431,1,0.970833333,0.016666667,0.813223073,0.416845416,0.083090312,126.691.963.959.486,0.484916671,-0.118233375,994.438.026.217.087,0,0,-0.6875,-0.25,-0.089790308,-0.38002497,-108.044.961.265.318
81,smooth,SR,347.916.666.666.667,41.625,1,1,239,589.193.548.387.098,50.453.629.032.258,1,smooth,-22.948.925.949.123,22.948.925.949.123,1,0.995833333,0.004166667,132.756.487.629.798,11.487.716.019.916,0.066905043,13.425.207.090.641,0.46698263,-0.010622032,929.776.086.378.908,3,1,-131.666.666.666.666,-0.375,11.230.557.536.554,0.060233691,-117.454.114.430.773
81,rough,SR,479.583.333.333.333,45.375,0,0,236,419.879.032.258.062,50.453.629.032.258,2,rough,-299.307.102.566.386,299.307.102.566.386,1,0.983333333,0,0.603302388,0.391968405,0.068561591,13.425.207.090.641,0.46698263,-0.010622032,868.425.597.519.576,3,1,-131.666.666.666.666,-0.375,-0.219464955,-0.406748939,-116.391.911.198.109
82,smooth,SR,22.375,2.6,14,14,221,591.814.516.129.031,537.177.419.354.839,1,smooth,-0.661659232,0.661659232,1,0.920833333,0.058333333,0.648159994,0.406163697,0.078409497,0.014561048,0.076906623,-0.002082229,102.616.787.514.324,6,0,-200.833.333.333.333,-154.166.666.666.667,-0.188317778,-0.391298896,-110.563.133.243.585
82,rough,SR,424.583.333.333.333,414.166.666.666.667,14,14,215,482.540.322.580.647,537.177.419.354.839,2,rough,-223.858.355.108.092,223.858.355.108.092,1,0.895833333,0.058333333,0.626788722,0.340247138,0.078786335,0.014561048,0.076906623,-0.002082229,10.272.196.595.382,6,0,-200.833.333.333.333,-154.166.666.666.667,-0.202878826,-0.468205519,-110.354.910.344.622
83,smooth,SR,36.375,4,8,8,228,551.209.677.419.355,522.822.580.645.161,1,smooth,-210.003.408.743.437,210.003.408.743.437,1,0.95,0.033333333,174.228.756.686.773,114.168.122.965.169,0.083170755,13.185.351.494.199,0.583243527,0.078515451,107.408.370.721.617,23,-20,0.341666667,0.508333333,124.111.983.746.656,0.057544861,-108.002.935.432.547
83,rough,SR,329.583.333.333.333,349.166.666.666.667,28,28,205,494.435.483.870.967,522.822.580.645.161,2,rough,-129.034.453.124.713,129.034.453.124.713,1,0.854166667,0.116666667,0.836728743,0.298058378,0.069415298,13.185.351.494.199,0.583243527,0.078515451,996.216.245.446.253,23,-20,0.341666667,0.508333333,-0.077415312,-0.525698666,-115.854.480.550.147
84,smooth,RS,2.8,277.916.666.666.667,6,6,229,542.298.387.096.775,511.995.967.741.936,2,smooth,-112.540.947.963.252,112.540.947.963.252,1,0.954166667,0.025,699.672.719.851.341,0.980235423,0.087930819,105.511.454.891.775,0.377498772,0.066132958,949.797.977.374.345,8,0,-29.875,-0.020833333,0.844894941,-0.008669607,-105.585.888.259.879
84,rough,RS,57.875,2.8,6,6,221,481.693.548.387.098,511.995.967.741.936,1,rough,-221.643.837.252.002,221.643.837.252.002,1,0.920833333,0.025,0.61628329,0.410990346,0.075510641,105.511.454.891.775,0.377498772,0.066132958,840.319.903.118.782,8,0,-29.875,-0.020833333,-0.210219608,-0.386168379,-112.199.184.040.028
85,smooth,SR,139.166.666.666.667,178.333.333.333.333,1,1,239,497.620.967.741.934,475.766.129.032.257,1,smooth,-0.166177815,0.166177815,1,0.995833333,0.004166667,0.54587741,0.657875044,0.107695532,-0.042388169,0.152257911,0.154460899,724.024.452.262.942,-1,1,-104.583.333.333.333,-0.183333333,-0.262904878,-0.181856588,-0.967802314
85,rough,SR,24.375,196.666.666.666.667,0,0,240,45.391.129.032.258,475.766.129.032.257,2,rough,-0.690315131,0.690315131,1,1,0,0.601843107,0.46332475,0.075463473,-0.042388169,0.152257911,0.154460899,810.544.141.803.585,-1,1,-104.583.333.333.333,-0.183333333,-0.220516709,-0.334114499,-112.226.321.308.963
86,smooth,SR,34.125,279.166.666.666.667,75,75,164,633.024.193.548.387,595.100.806.451.612,1,smooth,-0.138637132,0.138637132,1,0.683333333,0.3125,0.797687391,0.302089778,0.065011511,0.036325048,0.199538926,0.168829261,873.687.256.065.206,28,-28,101.666.666.666.667,0.170833333,-0.098167273,-0.51986397,-118.700.974.182.355
86,rough,SR,239.583.333.333.333,262.083.333.333.333,103,103,136,557.177.419.354.836,595.100.806.451.612,2,rough,0.863201364,-0.863201364,1,0.566666667,0.429166667,0.733681688,0.190808231,0.044071821,0.036325048,0.199538926,0.168829261,859.325.743.762.673,28,-28,101.666.666.666.667,0.170833333,-0.134492321,-0.719402896,-135.583.900.274.209
87,smooth,SR,240.833.333.333.333,256.666.666.666.667,30,30,189,558.387.096.774.194,519.516.129.032.258,1,smooth,-0.26685067,0.26685067,1,0.7875,0.125,0.653260879,0.299137617,0.066282462,-0.017680657,0.159048814,0.062262146,936.187.581.540.774,50,0,-104.166.666.666.667,0.016666667,-0.184913349,-0.52412897,-117.860.136.755.472
87,rough,SR,3.45,2.55,30,30,139,480.645.161.290.322,519.516.129.032.258,2,rough,-0.196167469,0.196167469,1,0.579166667,0.125,0.680404705,0.20740643,0.057429692,-0.017680657,0.159048814,0.062262146,1.034.829.175.072,50,0,-104.166.666.666.667,0.016666667,-0.167232692,-0.683177783,-124.086.351.336.891
88,smooth,SR,0.866666667,109.583.333.333.333,128,128,110,723.830.645.161.289,642.560.483.870.967,1,smooth,276.991.978.983.623,-276.991.978.983.623,1,0.458333333,0.533333333,175.455.603.887.258,0.006737947,0.073362936,-0.028743394,0,0.087690728,746.295.246.681.119,62,-64,0.358333333,0.404166667,124.416.724.373.095,-217.147.240.951.626,-113.452.329.730.947
88,rough,SR,0.508333333,0.691666667,192,192,48,561.290.322.580.645,642.560.483.870.967,2,rough,428.992.553.353.095,-428.992.553.353.095,1,0.2,0.8,187.460.874.046.617,0.006737947,0.059949556,-0.028743394,0,0.087690728,803.630.559.261.236,62,-64,0.358333333,0.404166667,127.291.063.761.683,-217.147.240.951.626,-122.221.402.541.475
89,smooth,RS,27.875,33.625,98,98,141,611.290.322.580.642,532.237.903.225.805,2,smooth,0.207816975,-0.207816975,1,0.5875,0.408333333,102.626.428.431.518,0.068518753,0.048370696,117.719.028.418.634,-0.72038187,-0.173669672,792.668.613.149.885,-92,96,-230.416.666.666.667,-13.875,101.125.921.500.554,-116.419.054.993.055,-131.541.766.546.485
89,rough,RS,509.166.666.666.667,4.75,2,2,233,453.185.483.870.967,532.237.903.225.805,1,rough,-317.943.294.723.449,317.943.294.723.449,1,0.970833333,0.008333333,0.682447003,0.359907851,0.072152603,117.719.028.418.634,-0.72038187,-0.173669672,96.716.741.110.724,-92,96,-230.416.666.666.667,-13.875,-0.165931069,-0.44380868,-114.174.799.378.009
90,smooth,RS,103.333.333.333.333,107.916.666.666.667,168,168,72,692.741.935.483.871,673.487.903.225.806,2,smooth,343.096.560.556.136,-343.096.560.556.136,1,0.3,0.7,15.019.088.886.149,0.006737947,0.037460525,-118.406.413.771.105,-183.925.655.452.673,-0.171224408,474.534.001.793.102,17,-16,-0.175,-0.295833333,0.176643588,-217.147.240.951.626,-142.642.613.605.301
90,rough,RS,120.833.333.333.333,1.375,184,184,55,654.233.870.967.741,673.487.903.225.806,1,rough,35.020.774.897.585,-35.020.774.897.585,1,0.229166667,0.766666667,229.460.388.871.713,0.465354743,0.05556461,-118.406.413.771.105,-183.925.655.452.673,-0.171224408,561.385.493.967.816,17,-16,-0.175,-0.295833333,136.070.772.525.805,-0.332215855,-125.520.172.764.803
