"","X.1","X","subjectID","smoothness","order","av_distance","av_distance_prev","reclicks","HVclicks","Novclicks","performance","performance_av","sequence","context","PCA","PEC","E","Novclicksp","HVclicksp","l","b","t","dlogl","dlogb","dlogt","NLL","dnov","dhv","dd","ddprev","logl","logb","logt"
"1",1,1,"5760401c91f8b40006c334be","smooth","SR",2.5875,3.0875,3,3,234,58.9475806451613,54.3891129032258,1,"smooth",-1.28840758751235,1.28840758751235,1,0.975,0.0125,4.16087379385179,0.621429159497063,0.0605625759256966,0.695075365283596,0.103388086093295,-0.103082015888868,861.659163768853,-4,3,-1.90416666666667,0.5,0.619184543126523,-0.206608372079514,-1.21779566114133
"2",2,2,"5760401c91f8b40006c334be","rough","SR",4.49166666666667,2.5875,0,0,238,49.8306451612902,54.3891129032258,2,"rough",-1.81012390916435,1.81012390916435,1,0.991666666666667,0,0.839671045962693,0.489782813706588,0.0767867620738823,0.695075365283596,0.103388086093295,-0.103082015888868,828.660089895359,-4,3,-1.90416666666667,0.5,-0.0758908221570726,-0.309996458172808,-1.11471364525247
"3",3,3,"5c754b537c5650001716216f","smooth","RS",1.55833333333333,1.94166666666667,76,76,164,65.9516129032255,61.9596774193547,2,"smooth",1.05897904592666,-1.05897904592666,1,0.683333333333333,0.316666666666667,10.3343442083181,0.195177843061228,0.0634743403590049,1.10016566639649,0.161348797971571,0.188915698286977,808.871011480464,55,-53,-0.1,0.0291666666666699,1.01428292259417,-0.70956948575956,-1.19740180372612
"4",4,4,"5c754b537c5650001716216f","rough","RS",1.65833333333333,1.9125,129,129,109,57.9677419354839,61.9596774193547,1,"rough",2.02858315993221,-2.02858315993221,1,0.454166666666667,0.5375,0.820573062892649,0.134611361316585,0.0410849249503816,1.10016566639649,0.161348797971571,0.188915698286977,624.56586188221,55,-53,-0.1,0.0291666666666699,-0.0858827438023205,-0.870918283731131,-1.3863175020131
"5",5,5,"5fa41da4e4209b0314c4ba5b","smooth","RS",2.12083333333333,2.63333333333333,16,16,210,63.0685483870967,61.0504032258065,2,"smooth",-0.514945321422039,0.514945321422039,1,0.875,0.0666666666666667,0.715056281825873,0.393620378887334,0.0882646115816182,-0.0190646481113589,0.271860085117014,0.15650890503215,906.747054243902,69,-79,-0.28333333333334,0.37916666666666,-0.145659773689217,-0.40492242495308,-1.05421338561159
"6",6,6,"5fa41da4e4209b0314c4ba5b","rough","RS",2.40416666666667,2.25416666666667,95,95,141,59.0322580645162,61.0504032258065,1,"rough",0.944702221940467,-0.944702221940467,1,0.5875,0.395833333333333,0.747144965565938,0.210483225286283,0.0615570373005082,-0.0190646481113589,0.271860085117014,0.15650890503215,874.552145833625,69,-79,-0.28333333333334,0.37916666666666,-0.126595125577858,-0.676782510070094,-1.21072229064374
"7",7,7,"5f35644aea047150c84f1245","smooth","SR",1.19583333333333,1.58333333333333,44,44,194,58.9838709677419,60.4153225806452,1,"smooth",0.828961051254525,-0.828961051254525,1,0.808333333333333,0.183333333333333,0.658486764157386,0.343729625737756,0.0557902914737508,-0.0285593196235115,0.137501544312933,0.068258658793396,663.772220743921,68,-70,0.12916666666666,0.29166666666666,-0.181452950104143,-0.463783034810849,-1.25344136963263
"8",8,8,"5f35644aea047150c84f1245","rough","SR",1.06666666666667,1.29166666666667,114,114,126,61.8467741935485,60.4153225806452,2,"rough",2.30813551655526,-2.30813551655526,1,0.525,0.475,0.703244540869874,0.250446761862945,0.0476760176161944,-0.0285593196235115,0.137501544312933,0.068258658793396,645.78908157535,68,-70,0.12916666666666,0.29166666666666,-0.152893630480631,-0.601284579123782,-1.32170002842603
"9",9,9,"5f452661c5a1b50a817ab094","smooth","RS",1.69166666666667,1.97916666666667,6,6,232,56.4233870967741,51.0201612903226,2,"smooth",-0.28050876371756,0.28050876371756,1,0.966666666666667,0.025,24.0988100186131,1.68776175153137,0.0665972186715909,1.5631755850027,0.625511279296036,-0.0141924339693333,951.43909728762,-6,6,-1.22916666666666,-0.55833333333333,1.38199559796452,0.227311140572847,-1.176543908079
"10",10,10,"5f452661c5a1b50a817ab094","rough","RS",2.92083333333333,2.5375,0,0,238,45.6169354838711,51.0201612903226,1,"rough",-1.17574554479943,1.17574554479943,1,0.991666666666667,0,0.658900766801517,0.399760483107858,0.06880951961589,1.5631755850027,0.625511279296036,-0.0141924339693333,851.033955019143,-6,6,-1.22916666666666,-0.55833333333333,-0.181179987038177,-0.398200138723188,-1.16235147410967
"11",11,11,"6042595b3e78690f1d16d607","smooth","SR",3.71666666666667,3.50416666666667,5,5,234,57.508064516129,54.4899193548386,1,"smooth",-1.93788336424031,1.93788336424031,1,0.975,0.0208333333333333,4.63304224841687,0.691576629048113,0.0633706191430154,0.838975043133467,0.235103678314629,-0.0711707147866538,935.78712948408,-2,5,-0.17083333333333,0.43333333333334,0.665866260524903,-0.160159691579348,-1.19811204971425
"12",12,12,"6042595b3e78690f1d16d607","rough","SR",3.8875,3.07083333333333,0,0,236,51.4717741935482,54.4899193548386,2,"rough",-1.82696983332058,1.82696983332058,1,0.983333333333333,0,0.671260693673771,0.402472888029778,0.0746549596505077,0.838975043133467,0.235103678314629,-0.0711707147866538,846.442872377287,-2,5,-0.17083333333333,0.43333333333334,-0.173108782608564,-0.395263369893977,-1.1269413349276
"13",13,13,"5e29e902c2253a0587298e26","smooth","RS",1.69166666666667,1.85,129,129,110,67.9516129032258,65.6673387096774,2,"smooth",2.0411829901315,-2.0411829901315,1,0.458333333333333,0.5375,5.70181929117629,0.00673794699908547,0.0598504873258358,1.31667381154488,-1.45013836495362,0.116009231881644,668.50310874981,10,-11,-0.0249999999999999,0.22083333333333,0.756013449015424,-2.17147240951626,-1.22293230904939
"14",14,14,"5e29e902c2253a0587298e26","rough","RS",1.71666666666667,1.62916666666667,140,140,100,63.383064516129,65.6673387096774,1,"rough",2.34705960139464,-2.34705960139464,1,0.416666666666667,0.583333333333333,0.275004396823862,0.189961659729978,0.0458203559961393,1.31667381154488,-1.45013836495362,0.116009231881644,563.610407753752,10,-11,-0.0249999999999999,0.22083333333333,-0.560660362529459,-0.721334044562635,-1.33894154093103
"15",15,15,"5fccc12e239558aff7566c2b","smooth","RS",3.20416666666667,2.77083333333333,7,7,233,57.9959677419356,53.5907258064516,2,"smooth",-1.30484608427654,1.30484608427654,1,0.970833333333333,0.0291666666666667,0.614948861155154,0.479962316966867,0.0854324809817876,-0.0911238822477988,0.0267059934588293,0.0232268058386993,825.196911793327,-2,5,0,-0.27916666666667,-0.211160998438502,-0.318792858823962,-1.06837698142757
"16",16,16,"5fccc12e239558aff7566c2b","rough","RS",3.20416666666667,3.05,2,2,235,49.1854838709676,53.5907258064516,1,"rough",-1.52405571715453,1.52405571715453,1,0.979166666666667,0.00833333333333333,0.758512747341945,0.451337218095709,0.0809834385131927,-0.0911238822477988,0.0267059934588293,0.0232268058386993,885.342457556411,-2,5,0,-0.27916666666667,-0.120037116190703,-0.345498852282791,-1.09160378726627
"17",17,17,"60e5d3a91561c1746aa12a5e","smooth","SR",2.575,2.425,40,40,198,62.0766129032258,57.8548387096774,1,"smooth",-0.244974315009358,0.244974315009358,1,0.825,0.166666666666667,0.679461099647364,0.372537749010476,0.0737252351777561,-0.030370688535798,0.322107315764545,0.239938184814288,932.784296648208,41,-43,-0.05833333333333,0.375,-0.167835402348847,-0.428829713905453,-1.13238383340839
"18",18,18,"60e5d3a91561c1746aa12a5e","rough","SR",2.63333333333333,2.05,83,83,157,53.6330645161291,57.8548387096774,2,"rough",0.712209887773174,-0.712209887773174,1,0.654166666666667,0.345833333333333,0.728677376742796,0.17744467473341,0.0424304836122948,-0.030370688535798,0.322107315764545,0.239938184814288,861.712417913116,41,-43,-0.05833333333333,0.375,-0.137464713813049,-0.750937029669998,-1.37232201822268
"19",19,19,"5fd782d0e7c86f0aabd0c60f","smooth","SR",2.2125,2.85,40,40,198,63.2822580645161,63.3467741935484,1,"smooth",-0.341258557636239,0.341258557636239,1,0.825,0.166666666666667,0.707166044729728,0.37841602740785,0.0791638671252139,-0.0459637390815549,0.178705583324955,0.179744229995893,866.228951586529,77,-78,0.42916666666667,0.75,-0.150478600569277,-0.42203047780042,-1.10147299882492
"20",20,20,"5fd782d0e7c86f0aabd0c60f","rough","SR",1.78333333333333,2.1,118,118,121,63.4112903225806,63.3467741935484,2,"rough",1.66476768704587,-1.66476768704587,1,0.504166666666667,0.491666666666667,0.786113290016778,0.250763278308497,0.0523338603500283,-0.0459637390815549,0.178705583324955,0.179744229995893,636.553835470502,77,-78,0.42916666666667,0.75,-0.104514861487722,-0.600736061125375,-1.28121722882081
"21",21,21,"5dd6e0d686411b682f620fd7","smooth","SR",2.1125,2.42916666666667,123,123,117,67.9153225806453,62.4274193548387,1,"smooth",1.43723197959641,-1.43723197959641,1,0.4875,0.5125,13.9859407605644,0.805000333841284,0.0561420834134759,1.45727247763275,0.792416616030076,0.126090643355464,652.746629116217,6,-5,-1.08333333333333,-0.73333333333333,1.14569168439225,-0.0942039395260478,-1.25071147488314
"22",22,22,"5dd6e0d686411b682f620fd7","rough","SR",3.19583333333333,3.1625,128,128,111,56.9395161290322,62.4274193548387,2,"rough",0.712335538418729,-0.712335538418729,1,0.4625,0.533333333333333,0.487999308675363,0.129831311581008,0.0419950286383199,1.45727247763275,0.792416616030076,0.126090643355464,715.498476998602,6,-5,-1.08333333333333,-0.73333333333333,-0.311580793240502,-0.886620555556124,-1.3768021182386
"23",23,23,"61437c3f4ea1ad131887a3f7","smooth","RS",2.75416666666667,2.72083333333333,26,26,205,60.6935483870968,56.9858870967741,2,"smooth",-0.67084647841189,0.67084647841189,1,0.854166666666667,0.108333333333333,0.713611287757579,0.420659147008105,0.0786224011240298,-0.00457760742357416,0.0455175470715761,0.0366411364201031,818.681404804259,-4,5,-2.73333333333333,0.14583333333333,-0.146538288996201,-0.37606966314453,-1.10445369698257
"24",24,24,"61437c3f4ea1ad131887a3f7","rough","RS",5.4875,2.575,21,21,209,53.2782258064514,56.9858870967741,1,"rough",-1.7278234640596,1.7278234640596,1,0.870833333333333,0.0875,0.721172766900602,0.378802459188818,0.0722611995387555,-0.00457760742357416,0.0455175470715761,0.0366411364201031,850.344190794151,-4,5,-2.73333333333333,0.14583333333333,-0.141960681572627,-0.421587210216106,-1.14109483340267
"25",25,25,"60267ea2c1e12331ce6a3f21","smooth","SR",0.916666666666667,1.14583333333333,123,123,116,64.625,61.7782258064516,1,"smooth",2.62170731205645,-2.62170731205645,1,0.483333333333333,0.5125,5.7576629348047,0.0513428323235908,0.0465649881695668,1.06043773592553,-0.493772312023112,0.204288196345559,709.665497352288,48,-48,0.5,0.524999999999997,0.760246236811752,-1.2895201771804,-1.33194050304714
"26",26,26,"60267ea2c1e12331ce6a3f21","rough","SR",0.416666666666667,0.620833333333333,171,171,68,58.9314516129031,61.7782258064516,2,"rough",3.9882635372373,-3.9882635372373,1,0.283333333333333,0.7125,0.500966287338499,0.160048694073073,0.0290918473848911,1.06043773592553,-0.493772312023112,0.204288196345559,418.692437982225,48,-48,0.5,0.524999999999997,-0.300191499113776,-0.795747865157287,-1.53622869939269
"27",27,27,"5e6eb0c2ea842f48219103a4","smooth","RS",3.07916666666667,2.7625,16,16,218,59.3951612903226,54.8427419354839,2,"smooth",-1.03100064475752,1.03100064475752,1,0.908333333333333,0.0666666666666667,6.1189279398171,0.848665823736288,0.0703141434139966,0.865256878742815,0.408123516844295,0.0582639011884594,898.944526089528,-6,6,-2.25,-0.1375,0.786675338713224,-0.0712632867612488,-1.15295730956265
"28",28,28,"5e6eb0c2ea842f48219103a4","rough","RS",5.32916666666667,2.9,10,10,224,50.2903225806453,54.8427419354839,1,"rough",-2.086487105772,2.086487105772,1,0.933333333333333,0.0416666666666667,0.834484856652493,0.331598987945348,0.0614863608111637,0.865256878742815,0.408123516844295,0.0582639011884594,865.517991492446,-6,6,-2.25,-0.1375,-0.078581540029591,-0.479386803605544,-1.21122121075111
"29",29,29,"5fddb46833528a49580c72fe","smooth","SR",3.31666666666667,3.40416666666667,3,3,235,61.717741935484,60.1391129032259,1,"smooth",-1.75529138835375,1.75529138835375,1,0.979166666666667,0.0125,16.2058469470544,0.350087734660123,0.0732202955953668,1.44676031112743,0.156568967665195,0.162193378022247,956.321115643144,95,-95,1.71666666666667,1.6,1.20967173298134,-0.455823104495573,-1.13536852217427
"30",30,30,"5fddb46833528a49580c72fe","rough","SR",1.6,1.80416666666667,98,98,140,58.5604838709678,60.1391129032259,2,"rough",1.54195159997182,-1.54195159997182,1,0.583333333333333,0.408333333333333,0.579310528943396,0.244122566906178,0.0504008777375175,1.44676031112743,0.156568967665195,0.162193378022247,692.75705647104,95,-95,1.71666666666667,1.6,-0.237088578146096,-0.612392072160768,-1.29756190019652
"31",31,31,"5e1a5871fb00b62d79e4de6e","smooth","SR",1.74583333333333,1.74166666666667,18,18,210,56.4032258064516,52.2721774193548,1,"smooth",0.143742885469192,-0.143742885469192,1,0.875,0.075,0.622760242406505,0.395035851286184,0.0681981673456271,0.0771706891038134,-0.0320905602821507,-0.0299617134108086,695.054621277539,-13,12,-2.58333333333334,-1.64166666666666,-0.20567912098287,-0.403363488400849,-1.16622729575958
"32",32,32,"5e1a5871fb00b62d79e4de6e","rough","SR",4.32916666666667,3.38333333333333,6,6,223,48.141129032258,52.2721774193548,2,"rough",-1.99612960315543,1.99612960315543,1,0.929166666666667,0.025,0.521374984464711,0.425331033999095,0.0730692109637493,0.0771706891038134,-0.0320905602821507,-0.0299617134108086,796.648084616195,-13,12,-2.58333333333334,-1.64166666666666,-0.282849810086683,-0.371272928118698,-1.13626558234877
"33",33,33,"5de8e8c758776a000ba1def7","smooth","RS",1.80833333333333,2.0125,93,93,141,59.4233870967744,54.8830645161291,2,"smooth",1.29094404835153,-1.29094404835153,1,0.5875,0.3875,0.663202697638499,0.217016110271154,0.0466740917354494,0.0391494542078345,-0.156597505500543,-0.111986477590979,709.922458774422,-74,71,-1.22083333333334,-0.53333333333333,-0.178353715921095,-0.66350802494336,-1.33092412454376
"34",34,34,"5de8e8c758776a000ba1def7","rough","RS",3.02916666666667,2.54583333333333,22,22,215,50.3427419354838,54.8830645161291,1,"rough",-0.808861026181948,0.808861026181948,1,0.895833333333333,0.0916666666666667,0.606033776772449,0.311235753060359,0.0604035346436921,0.0391494542078345,-0.156597505500543,-0.111986477590979,862.545874662276,-74,71,-1.22083333333334,-0.53333333333333,-0.217503170128929,-0.506910519442818,-1.21893764695278
"35",35,35,"61073189bb137b703f6d7b59","smooth","SR",3.45,2.61666666666667,2,2,236,60.0241935483871,55.0423387096774,1,"smooth",-1.38736082965617,1.38736082965617,1,0.983333333333333,0.00833333333333333,2.59482180693607,0.546362767563923,0.0865512041993216,0.555029315289185,0.0600613425614436,0.0159602814575928,903.293262852605,-3,2,-1.13333333333333,0.0416666666666696,0.414107539093323,-0.262518903749069,-1.06272688534512
"36",36,36,"61073189bb137b703f6d7b59","rough","SR",4.58333333333333,2.575,0,0,239,50.0604838709676,55.0423387096774,2,"rough",-1.84784555037102,1.84784555037102,1,0.995833333333333,0,0.72289999843062,0.475794868364969,0.0834281922403457,0.555029315289185,0.0600613425614436,0.0159602814575928,844.363308760869,-3,2,-1.13333333333333,0.0416666666666696,-0.140921776195863,-0.322580246310512,-1.07868716680271
"37",37,37,"5bcae4e85c2b810001dc2466","smooth","RS",2.76666666666667,2.65833333333333,53,53,182,56.3145161290324,51.1310483870969,2,"smooth",-0.182108493792952,0.182108493792952,1,0.758333333333333,0.220833333333333,0.700299456277163,0.257664715441938,0.0483809685360401,0.00794583351425115,-0.155522837499425,-0.129964590471764,750.193478357499,-54,52,-0.50416666666666,-0.35,-0.154716210844525,-0.588945049582739,-1.31532544176894
"38",38,38,"5bcae4e85c2b810001dc2466","rough","RS",3.27083333333333,3.00833333333333,1,1,236,45.9475806451614,51.1310483870969,1,"rough",-1.54500320031692,1.54500320031692,1,0.983333333333333,0.00416666666666667,0.687603305257817,0.368619060515298,0.0652588097860097,0.00794583351425115,-0.155522837499425,-0.129964590471764,846.0476989696,-54,52,-0.50416666666666,-0.35,-0.162662044358777,-0.433422212083313,-1.18536085129718
"39",39,39,"5f3692bf1640190638ebb687","smooth","SR",2.33333333333333,2.55833333333333,9,9,231,55.9435483870967,52.2197580645161,1,"smooth",-0.813704200690601,0.813704200690601,1,0.9625,0.0375,0.706624779596114,0.486240501012382,0.0860739482987916,0.0220801019491942,-0.0176413048513877,-0.0131866520600745,775.436493657769,-1,3,-3.1625,-0.07083333333334,-0.150811136992934,-0.313148869775648,-1.06512827505166
"40",40,40,"5f3692bf1640190638ebb687","rough","SR",5.49583333333333,2.62916666666667,6,6,232,48.4959677419355,52.2197580645161,2,"rough",-2.11084653869755,2.11084653869755,1,0.966666666666667,0.025,0.671597020977951,0.506398528550897,0.0887275269815848,0.0220801019491942,-0.0176413048513877,-0.0131866520600745,871.068412422176,-1,3,-3.1625,-0.07083333333334,-0.172891238942128,-0.29550756492426,-1.05194162299158
"41",41,41,"5ebd3bbcecfc7d00085d0f9e","smooth","RS",0.9125,1.075,151,151,89,58.2016129032259,58.0887096774194,2,"smooth",3.1677006323348,-3.1677006323348,1,0.370833333333333,0.629166666666667,0.541602053208737,0.126498427451896,0.0254809511648897,-0.836242638456582,0.1604253916713,-0.248833713754622,445.870320524342,-5,12,0.0208333333333329,0.075,-0.266319697913136,-0.897914873327759,-1.5937843644861
"42",42,42,"5ebd3bbcecfc7d00085d0f9e","rough","RS",0.891666666666667,1,139,139,94,57.975806451613,58.0887096774194,1,"rough",3.06194606241789,-3.06194606241789,1,0.391666666666667,0.579166666666667,3.71469311236906,0.0874298503450723,0.0451907292085344,-0.836242638456582,0.1604253916713,-0.248833713754622,688.0537937734,-5,12,0.0208333333333329,0.075,0.569922940543445,-1.05834026499906,-1.34495065073148
"43",43,43,"5cf9179b8c98dc0001d5a431","smooth","RS",0.845833333333333,1.03333333333333,187,187,53,65.100806451613,60.6592741935484,2,"smooth",3.87782467226086,-3.87782467226086,1,0.220833333333333,0.779166666666667,0.705415554090841,0.119430447600475,0.0270851007104047,-0.0660599127719385,0.0157540667703338,0.0422335532505025,444.760809243803,-37,37,-1.425,-1.07083333333334,-0.151554968567948,-0.922884940047807,-1.56726954523861
"44",44,44,"5cf9179b8c98dc0001d5a431","rough","RS",2.27083333333333,2.10416666666667,150,150,90,56.2177419354838,60.6592741935484,1,"rough",2.05267708629941,-2.05267708629941,1,0.375,0.625,0.82130590289765,0.115175735205601,0.0245751909789686,-0.0660599127719385,0.0157540667703338,0.0422335532505025,568.795112193624,-37,37,-1.425,-1.07083333333334,-0.0854950557960098,-0.938639006818141,-1.60950309848912
"45",45,45,"5f4a6d58addc8308676d3412","smooth","SR",1.61666666666667,1.95416666666667,136,136,104,66.8266129032256,67.5806451612902,1,"smooth",2.13153324999615,-2.13153324999615,1,0.433333333333333,0.566666666666667,23.2631983529386,0.00673794699908547,0.0705405511690381,1.4842305169264,-1.13593101632719,0.228911933346394,828.02777068971,34,-34,0.52916666666667,0.60833333333334,1.36666942370036,-2.17147240951626,-1.15156115129262
"46",46,46,"5f4a6d58addc8308676d3412","rough","SR",1.0875,1.34583333333333,170,170,70,68.3346774193547,67.5806451612902,2,"rough",3.29853866705806,-3.29853866705806,1,0.291666666666667,0.708333333333333,0.762849571770129,0.0921422062578026,0.0416415527539895,1.4842305169264,-1.13593101632719,0.228911933346394,447.139111475705,34,-34,0.52916666666667,0.60833333333334,-0.117561093226037,-1.03554139318907,-1.38047308463901
"47",47,47,"5ef0c9b95817dc145532fcee","smooth","SR",2.275,2.82916666666667,49,49,190,63.3508064516129,58.4556451612904,1,"smooth",-0.197780433274386,0.197780433274386,1,0.791666666666667,0.204166666666667,0.778246343967641,0.365280894806841,0.0760920276493369,-1.52295184991121,-0.356597650147707,0.179393859434501,826.138245143859,35,-36,-2.47083333333333,-1.2875,-0.108882910861841,-0.437373041987224,-1.11866084295707
"48",48,48,"5ef0c9b95817dc145532fcee","rough","SR",4.74583333333333,4.11666666666667,85,85,155,53.5604838709679,58.4556451612904,2,"rough",-1.21570029977571,1.21570029977571,1,0.645833333333333,0.354166666666667,25.9459118971899,0.8302800602393,0.0503437193400227,-1.52295184991121,-0.356597650147707,0.179393859434501,948.542414779633,35,-36,-2.47083333333333,-1.2875,1.41406893904937,-0.0807753918395173,-1.29805470239157
"49",49,49,"5f653cb18aad310a9ee7c32d","smooth","RS",2.2875,1.99166666666667,10,10,224,59.1491935483871,54.0927419354839,2,"smooth",-0.406979285925987,0.406979285925987,1,0.933333333333333,0.0416666666666667,19.7087356418435,1.60140555149457,0.0536447437153367,1.49320703097399,0.507072972753878,-0.212842236453686,843.343915743618,6,-2,-0.75,-0.2875,1.2946587642397,0.204501329715849,-1.27047282518466
"50",50,50,"5f653cb18aad310a9ee7c32d","rough","RS",3.0375,2.27916666666667,12,12,218,49.0362903225806,54.0927419354839,1,"rough",-0.782593307243033,0.782593307243033,1,0.908333333333333,0.05,0.633069999500906,0.498228259369037,0.0875728353822426,1.49320703097399,0.507072972753878,-0.212842236453686,820.521036491531,6,-2,-0.75,-0.2875,-0.19854826673429,-0.302571643038029,-1.05763058873098
"51",51,51,"60f9baa99f49184f083a9ce8","smooth","RS",2.48333333333333,2.89583333333333,42,42,197,61.7258064516129,58.4334677419355,2,"smooth",-0.443860213681897,0.443860213681897,1,0.820833333333333,0.175,14.3380575293264,0.709060712325776,0.0765420571907934,1.35375479222923,0.370098509827819,0.055440041329041,953.420302857065,13,-9,-1.78333333333334,-0.17916666666667,1.15649031859562,-0.149316577370931,-1.11609986959253
"52",52,52,"60f9baa99f49184f083a9ce8","rough","RS",4.26666666666667,3.075,51,51,184,55.1411290322581,58.4334677419355,1,"rough",-1.02970493967679,1.02970493967679,1,0.766666666666667,0.2125,0.634944150220546,0.302402176627608,0.0673689981666377,1.35375479222923,0.370098509827819,0.055440041329041,965.089966900877,13,-9,-1.78333333333334,-0.17916666666667,-0.197264473633613,-0.51941508719875,-1.17153991092157
"53",53,53,"5e440e4f19962228cf949247","smooth","RS",0.554166666666667,0.833333333333333,175,175,63,66.4032258064515,64.1068548387096,2,"smooth",3.89977685028161,-3.89977685028161,1,0.2625,0.729166666666667,0.48087644406138,0.202449813707192,0.0460623899258479,-0.115342526585884,0.00669661774470032,-0.0329572322922336,530.632641226826,-29,53,-1.19166666666666,-0.537499999999997,-0.317966496506397,-0.693682618529925,-1.3366535326184
"54",54,54,"5e440e4f19962228cf949247","rough","RS",1.74583333333333,1.37083333333333,122,122,92,61.8104838709676,64.1068548387096,1,"rough",2.38990380748646,-2.38990380748646,1,0.383333333333333,0.508333333333333,0.627156647755748,0.199352076493495,0.0496939707099121,-0.115342526585884,0.00669661774470032,-0.0329572322922336,701.232366671613,-29,53,-1.19166666666666,-0.537499999999997,-0.202623969920514,-0.700379236274625,-1.30369630032616
"55",55,55,"60ca1c436511b9fc8ab35615","smooth","SR",2.6375,2.3,84,84,155,64.0201612903226,57.5282258064516,1,"smooth",0.599261974953322,-0.599261974953322,1,0.645833333333333,0.35,0.611304414983784,0.241228780849569,0.0622022997950506,-0.127482234587423,-0.0278048689843754,0.0241677823076658,812.543795923616,-37,55,-1.37083333333333,-0.64583333333333,-0.21374246762234,-0.617570878047321,-1.20619355791632
"56",56,56,"60ca1c436511b9fc8ab35615","rough","SR",4.00833333333333,2.94583333333333,29,29,192,51.0362903225806,57.5282258064516,2,"rough",-1.13239484353609,1.13239484353609,1,0.8,0.120833333333333,0.819860129786373,0.25717810441471,0.0588353931409202,-0.127482234587423,-0.0278048689843754,0.0241677823076658,936.105763656765,-37,55,-1.37083333333333,-0.64583333333333,-0.086260233034917,-0.589766009062946,-1.23036134022399
"57",57,57,"60087e9189ddb34b79b08be5","smooth","SR",1.85,2.17083333333333,18,18,206,51.5725806451614,49.5262096774194,1,"smooth",-0.0979696842715558,0.0979696842715558,1,0.858333333333333,0.075,21.283386110651,1.12147071064463,0.0731186058155213,1.61613006732961,0.601817503046557,0.0242862372538135,1154.66715936697,26,-2,-0.45,-0.0375000000000001,1.3280407238196,0.049787935634974,-1.13597209807836
"58",58,58,"60087e9189ddb34b79b08be5","rough","SR",2.3,2.20833333333333,20,20,180,47.4798387096775,49.5262096774194,2,"rough",-0.0332940231065779,0.0332940231065779,1,0.75,0.0833333333333333,0.515122662113876,0.280524264637595,0.0691419565189554,1.61613006732961,0.601817503046557,0.0242862372538135,1090.31901574072,26,-2,-0.45,-0.0375000000000001,-0.288089343510009,-0.552029567411583,-1.16025833533217
"59",59,59,"60f86773e1cc7868421ee9d8","smooth","SR",1.94166666666667,2.50416666666667,10,10,229,53.7217741935482,48.0403225806451,1,"smooth",-0.604708269581211,0.604708269581211,1,0.954166666666667,0.0416666666666667,18.8624006892957,0.549945245707172,0.0594668117490105,1.54953807808897,0.014276202350679,-0.214923704336845,1024.91775733062,6,7,-1.45416666666666,-0.125,1.27559696622543,-0.259680548089351,-1.22572534512152
"60",60,60,"60f86773e1cc7868421ee9d8","rough","SR",3.39583333333333,2.62916666666667,3,3,223,42.3588709677419,48.0403225806451,2,"rough",-1.24374738190945,1.24374738190945,1,0.929166666666667,0.0125,0.532180415348923,0.532161252327892,0.0975435055194498,1.54953807808897,0.014276202350679,-0.214923704336845,912.630453844381,6,7,-1.45416666666666,-0.125,-0.273941111863539,-0.27395675044003,-1.01080164078468
"61",61,61,"60ee913de67c56daf5e842a9","smooth","RS",2.0125,2.39166666666667,51,51,178,61.1612903225808,53.3689516129033,2,"smooth",0.276265081413028,-0.276265081413028,1,0.741666666666667,0.2125,15.2110133063551,1.02082071182891,0.0535115302016521,1.28931354626546,0.60164606569545,-0.00429479991323456,810.693992694209,-14,24,-1.425,-0.7,1.18215814624893,0.00894947303632743,-1.27155262987733
"62",62,62,"60ee913de67c56daf5e842a9","rough","RS",3.4375,3.09166666666667,27,27,192,45.5766129032259,53.3689516129033,1,"rough",-1.01122477443781,1.01122477443781,1,0.8,0.1125,0.781348171182889,0.255448529705576,0.0540433385665098,1.28931354626546,0.60164606569545,-0.00429479991323456,977.583642303012,-14,24,-1.425,-0.7,-0.107155400016529,-0.592696592659122,-1.26725782996409
"63",63,63,"605de3af48d7a575adb95b09","smooth","RS",2.13333333333333,2.47083333333333,88,88,151,60.7540322580645,58.3084677419354,2,"smooth",0.772446998779446,-0.772446998779446,1,0.629166666666667,0.366666666666667,0.713288704024727,0.257369303143404,0.0537100224131879,-0.0730019245089216,0.146170219345889,-0.00416783452084291,723.869190277531,-9,10,-0.26666666666667,-0.225,-0.146734653616459,-0.589443253354061,-1.26994466639341
"64",64,64,"605de3af48d7a575adb95b09","rough","RS",2.4,2.69583333333333,78,78,160,55.8629032258064,58.3084677419354,1,"rough",0.369993161091188,-0.369993161091188,1,0.666666666666667,0.325,0.84385391749062,0.183817361210725,0.0542279476503741,-0.0730019245089216,0.146170219345889,-0.00416783452084291,865.348347680351,-9,10,-0.26666666666667,-0.225,-0.0737327291075375,-0.735613472699951,-1.26577683187257
"65",65,65,"604b7e9e029f0b8989930090","smooth","SR",2.875,3.81666666666667,17,17,222,64.3588709677419,55.9052419354839,1,"smooth",-1.56618936518794,1.56618936518794,1,0.925,0.0708333333333333,0.706803283990781,0.486517885104696,0.108200099164321,-0.0054863921577081,0.0890145454115432,0.0783344312293428,1020.30554753236,-14,13,-1.9375,-1.15,-0.150701441316149,-0.31290118980569,-0.965772341202667
"66",66,66,"604b7e9e029f0b8989930090","rough","SR",4.8125,4.96666666666667,4,4,236,47.4516129032259,55.9052419354839,2,"rough",-3.20171234726025,3.20171234726025,1,0.983333333333333,0.0166666666666667,0.715788885988233,0.396354930286985,0.0903427336448035,-0.0054863921577081,0.0890145454115432,0.0783344312293428,1064.22755208737,-14,13,-1.9375,-1.15,-0.14521504915844,-0.401915735217234,-1.04410677243201
"67",67,67,"5efde724d80f81077c0800b9","smooth","SR",2.85,2.6,3,3,231,52.6814516129034,49.5483870967742,1,"smooth",-1.09094352943733,1.09094352943733,1,0.9625,0.0125,0.61855906360285,0.414688108329943,0.0691809747012583,-0.00849608044288283,0.0145063074434276,0.0517891798130914,710.028589365031,-2,0,0.24583333333333,0.43333333333333,-0.208618825101785,-0.382278418363338,-1.16001332343765
"68",68,68,"5efde724d80f81077c0800b9","rough","SR",2.60416666666667,2.16666666666667,3,3,233,46.4153225806451,49.5483870967742,2,"rough",-0.773663146480314,0.773663146480314,1,0.970833333333333,0.0125,0.630779042190124,0.401065471363158,0.0614041178794086,-0.00849608044288283,0.0145063074434276,0.0517891798130914,691.064942825692,-2,0,0.24583333333333,0.43333333333333,-0.200122744658902,-0.396784725806765,-1.21180250325074
"69",69,69,"6116a378612ec47c9335f3ed","smooth","RS",3.15,1.87083333333333,75,75,160,57.1653225806453,50.1693548387098,2,"smooth",0.51172810099121,-0.51172810099121,1,0.666666666666667,0.3125,16.9321356447131,0.00673794699908547,0.0608196094747158,1.54339410437927,-1.40889030178761,0.228348102712896,940.00406594831,12,7,-1.11666666666667,0.05833333333333,1.22871173898426,-2.17147240951626,-1.21595637280617
"70",70,70,"6116a378612ec47c9335f3ed","rough","RS",4.26666666666667,1.8125,68,68,148,43.1733870967742,50.1693548387098,1,"rough",0.160573205481399,-0.160573205481399,1,0.616666666666667,0.283333333333333,0.48452661144012,0.172749934855018,0.0359497210197465,1.54339410437927,-1.40889030178761,0.228348102712896,999.107015294658,12,7,-1.11666666666667,0.05833333333333,-0.314682365395015,-0.762582107728649,-1.44430447551906
"71",71,71,"5c5226296021330001f992df","smooth","RS",2.46666666666667,2.14166666666667,21,21,213,61.0241935483871,55.3387096774194,2,"smooth",-0.357514062713223,0.357514062713223,1,0.8875,0.0875,0.55391948918364,0.493816076673106,0.0887101643493971,-0.0708960951108323,0.146391748014284,0.0929636787670376,796.857564159068,2,-6,-0.72083333333333,-1.2125,-0.256553354304464,-0.30643477528549,-1.0520266161553
"72",72,72,"5c5226296021330001f992df","rough","RS",3.1875,3.35416666666667,27,27,211,49.6532258064516,55.3387096774194,1,"rough",-1.23680587845287,1.23680587845287,1,0.879166666666667,0.1125,0.652142855566624,0.352511651892343,0.0716159413881751,-0.0708960951108323,0.146391748014284,0.0929636787670376,941.666831643612,2,-6,-0.72083333333333,-1.2125,-0.185657259193631,-0.452826523299774,-1.14499029492234
"73",73,73,"5e52894c77e0502a16cb4354","smooth","SR",1.95416666666667,2.01666666666667,84,84,155,63.2056451612904,55.0120967741936,1,"smooth",1.02064328887231,-1.02064328887231,1,0.645833333333333,0.35,0.606971944923159,0.294628642853278,0.0588112859243315,0.0226736279290183,-0.0278106752964257,0.0409639238159896,780.780846217155,-46,49,-1.34583333333333,-0.75833333333333,-0.216831382148204,-0.530725034722022,-1.23053932453036
"74",74,74,"5e52894c77e0502a16cb4354","rough","SR",3.3,2.775,35,35,201,46.8185483870968,55.0120967741936,2,"rough",-0.79279579229327,0.79279579229327,1,0.8375,0.145833333333333,0.576096172601685,0.314112804664182,0.0535176150856054,0.0226736279290183,-0.0278106752964257,0.0409639238159896,752.64706664668,-46,49,-1.34583333333333,-0.75833333333333,-0.239505010077223,-0.502914359425597,-1.27150324834635
"75",75,75,"5fca5e05aae247651ac78dfe","smooth","RS",0.504166666666667,0.804166666666667,150,150,90,67.975806451613,64.2620967741936,2,"smooth",3.45757367226918,-3.45757367226918,1,0.375,0.625,0.631365163686925,0.256822405284368,0.045142617559953,0.0401963260515168,0.0689804161963445,0.103677878759243,584.325375315787,2,-1,0.025,0.0458333333333341,-0.199719384489916,-0.590367090934539,-1.34541326229669
"76",76,76,"5fca5e05aae247651ac78dfe","rough","RS",0.479166666666667,0.758333333333333,151,151,88,60.5483870967741,64.2620967741936,1,"rough",3.52034741003548,-3.52034741003548,1,0.366666666666667,0.629166666666667,0.575551631659678,0.219105103196046,0.0355556693598072,0.0401963260515168,0.0689804161963445,0.103677878759243,502.651559262049,2,-1,0.025,0.0458333333333341,-0.239915710541433,-0.659347507130884,-1.44909114105594
"77",77,77,"60188dfb3c6ebe16a4fd9a38","smooth","SR",2.15833333333333,2.26666666666667,20,20,214,58.6733870967742,50.8266129032259,1,"smooth",-0.326306922450896,0.326306922450896,1,0.891666666666667,0.0833333333333333,0.657929633772188,0.375345105342303,0.065567530551627,0.0304153387477624,-0.00788663693712871,0.00425961173792921,791.786729504689,-17,17,-1.425,-0.34583333333333,-0.181820552128576,-0.425569243142977,-1.18331117271594
"78",78,78,"60188dfb3c6ebe16a4fd9a38","rough","SR",3.58333333333333,2.6125,3,3,231,42.9798387096775,50.8266129032259,2,"rough",-1.38107159435609,1.38107159435609,1,0.9625,0.0125,0.613428725441216,0.382223507751782,0.0649275799288867,0.0304153387477624,-0.00788663693712871,0.00425961173792921,857.124568645191,-17,17,-1.425,-0.34583333333333,-0.212235890876339,-0.417682606205848,-1.18757078445387
"79",79,79,"5ec68cfefc102707d67319f9","smooth","RS",2.9875,3.225,66,66,173,63.3266129032258,55.8346774193548,2,"smooth",-0.380723752468028,0.380723752468028,1,0.720833333333333,0.275,0.741485897169925,0.300706511646779,0.0740353098016964,-0.0217139659263003,-0.0146543897556126,0.0496113976065415,840.975300065353,-40,42,-1.29583333333333,-1.02083333333333,-0.129897104702391,-0.521857167371232,-1.13056110196345
"80",80,80,"5ec68cfefc102707d67319f9","rough","RS",4.28333333333333,4.24583333333333,24,24,213,48.3427419354839,55.8346774193548,1,"rough",-2.20148663387288,2.20148663387288,1,0.8875,0.1,0.77950133125086,0.311026377631894,0.0660431076024062,-0.0217139659263003,-0.0146543897556126,0.0496113976065415,954.628762191088,-40,42,-1.29583333333333,-1.02083333333333,-0.108183138776091,-0.50720277761562,-1.18017249957
"81",81,81,"5e7f76cf000e7064c43cc84a","smooth","RS",1.61666666666667,1.8,7,7,230,57.6008064516129,50.5181451612903,2,"smooth",-0.124305063510453,0.124305063510453,1,0.958333333333333,0.0291666666666667,0.600870158265385,0.475168545229274,0.0779652058611668,-0.0829792853665598,0.0387929293014168,0.0636235232991942,710.37114110863,-2,3,-1.54166666666666,-0.80416666666667,-0.221219364338392,-0.323152316102395,-1.10809917005088
"82",82,82,"5e7f76cf000e7064c43cc84a","rough","RS",3.15833333333333,2.60416666666667,4,4,232,43.4354838709678,50.5181451612903,1,"rough",-1.21250308260393,1.21250308260393,1,0.966666666666667,0.0166666666666667,0.727377597395621,0.434565009421433,0.0673406504010419,-0.0829792853665598,0.0387929293014168,0.0636235232991942,812.779469812894,-2,3,-1.54166666666666,-0.80416666666667,-0.138240078971832,-0.361945245403812,-1.17172269335008
"83",83,83,"613c6910aec4b4f7d8aad7c9","smooth","SR",1.87916666666667,2.02916666666667,11,11,226,59.2983870967741,56.4173387096773,1,"smooth",-0.279599421300155,0.279599421300155,1,0.941666666666667,0.0458333333333333,0.758115204930663,0.44903872901556,0.0816156534387809,0.0728288194575355,0.228686986650637,0.211763058267634,767.736990553553,81,-78,-0.45,0.2875,-0.120264792964348,-0.347716200038139,-1.08822653793591
"84",84,84,"613c6910aec4b4f7d8aad7c9","rough","SR",2.32916666666667,1.74166666666667,89,89,145,53.5362903225805,56.4173387096773,2,"rough",1.16691485831616,-1.16691485831616,1,0.604166666666667,0.370833333333333,0.641071378392152,0.265214224501901,0.0501199240025321,0.0728288194575355,0.228686986650637,0.211763058267634,790.789950450529,81,-78,-0.45,0.2875,-0.193093612421884,-0.576403186688777,-1.29998959620355
"85",85,85,"5c882036de8ae1000103d3fa","smooth","SR",2.14166666666667,2.23333333333333,7,7,229,56.4758064516127,52.6895161290322,1,"smooth",-0.558659800037474,0.558659800037474,1,0.954166666666667,0.0291666666666667,0.624417001001298,0.500430235672293,0.0931310320723716,0.0324665968551757,-0.109061634811921,-0.0958501588195274,825.908329856049,-9,7,-0.85416666666666,-0.0458333333333401,-0.204525280913055,-0.300656458393213,-1.03090558419366
"86",86,86,"5c882036de8ae1000103d3fa","rough","SR",2.99583333333333,2.27916666666667,0,0,238,48.9032258064516,52.6895161290322,2,"rough",-1.06109509404298,1.06109509404298,1,0.991666666666667,0,0.579439533078902,0.643287594652986,0.116130039732119,0.0324665968551757,-0.109061634811921,-0.0958501588195274,877.378606975392,-9,7,-0.85416666666666,-0.0458333333333401,-0.236991877768231,-0.191594823581292,-0.935055425374136
"87",87,87,"60e858204e148e07ef3ef257","smooth","RS",1.49166666666667,1.62083333333333,125,125,115,65.6653225806454,58.4879032258065,2,"smooth",2.1630695465106,-2.1630695465106,1,0.479166666666667,0.520833333333333,0.583606370833868,0.256940521988172,0.0513669410819122,0.0266993829304824,0.0889052191719851,0.0966761913308547,601.5004380614,-44,51,-1.40833333333333,-0.57916666666667,-0.233879975855193,-0.590167397921036,-1.28931629588362
"88",88,88,"60e858204e148e07ef3ef257","rough","RS",2.9,2.2,74,74,159,51.3104838709676,58.4879032258065,1,"rough",0.425456302566373,-0.425456302566373,1,0.6625,0.308333333333333,0.548808262514352,0.209376233478651,0.041115683357433,0.0266993829304824,0.0889052191719851,0.0966761913308547,784.558293515632,-44,51,-1.40833333333333,-0.57916666666667,-0.260579358785676,-0.679072617093021,-1.38599248721448
"89",89,89,"616c4409a2bcfe1fdb942117","smooth","RS",2.07083333333333,2.11666666666667,6,6,223,57.3870967741935,52.6935483870967,2,"smooth",-0.419904876809552,0.419904876809552,1,0.929166666666667,0.025,0.653686274444819,0.392646191350322,0.066453483014967,0.0198236570558194,0.0458999006667465,0.0308975033557575,708.209333198723,3,2,-0.16666666666667,-0.10416666666666,-0.184630633888996,-0.405998610827374,-1.17748225152277
"90",90,90,"616c4409a2bcfe1fdb942117","rough","RS",2.2375,2.22083333333333,4,4,220,48,52.6935483870967,1,"rough",-0.532540004639541,0.532540004639541,1,0.916666666666667,0.0166666666666667,0.624519076823114,0.353265713370443,0.0618899661444315,0.0198236570558194,0.0458999006667465,0.0308975033557575,788.09617437219,3,2,-0.16666666666667,-0.10416666666666,-0.204454290944815,-0.451898511494121,-1.20837975487853
"91",91,91,"5f4d52bbfae2769f73aa4981","smooth","SR",2.00416666666667,2.65,54,54,182,67.157258064516,65.2802419354838,1,"smooth",0.12605998172598,-0.12605998172598,1,0.758333333333333,0.225,16.3619166150958,0.707613270020138,0.0760319580564945,1.12387679346581,1.11371763757763,0.242008931154511,870.909262895676,96,-98,0.4375,0.64166666666667,1.21383417504474,-0.150204031270395,-1.11900382495214
"92",92,92,"5f4d52bbfae2769f73aa4981","rough","SR",1.56666666666667,2.00833333333333,152,152,86,63.4032258064516,65.2802419354838,2,"rough",2.43314951223458,-2.43314951223458,1,0.358333333333333,0.633333333333333,1.23014804733528,0.0544600870453878,0.0435499082009519,1.12387679346581,1.11371763757763,0.242008931154511,596.805777030251,96,-98,0.4375,0.64166666666667,0.0899573815789284,-1.26392166884803,-1.36101275610665
"93",93,93,"60cb3a3e82065e2f9dcdd8e7","smooth","SR",2.79166666666667,2.99166666666667,10,10,228,58.8225806451613,54.0887096774193,1,"smooth",-1.19467501732398,1.19467501732398,1,0.95,0.0416666666666667,12.5406448370885,0.236568079068934,0.0582873641912271,1.22470548290737,-0.220100794159626,-0.120123395000461,856.866873944626,-7,6,-1.25416666666666,-0.45833333333333,1.09831986839176,-0.626043856578222,-1.23442558343656
"94",94,94,"60cb3a3e82065e2f9dcdd8e7","rough","SR",4.04583333333333,3.45,4,4,235,49.3548387096773,54.0887096774193,2,"rough",-2.05324712798584,2.05324712798584,1,0.979166666666667,0.0166666666666667,0.7475054879893,0.392696415948998,0.0768595454253126,1.22470548290737,-0.220100794159626,-0.120123395000461,930.719965814245,-7,6,-1.25416666666666,-0.45833333333333,-0.126385614515612,-0.405943062418596,-1.1143021884361
"95",95,95,"6306675006944fb9dc5b859f","smooth","RS",1.45416666666667,1.97916666666667,113,113,125,67.1572580645161,65.5383064516129,2,"smooth",1.77648730612367,-1.77648730612367,1,0.520833333333333,0.470833333333333,4.77123514366977,0.141883698828479,0.0593570454449557,0.755436144624537,-0.166997208198744,0.0590432430060723,703.309151292317,8,-7,-0.39583333333333,-0.0375000000000001,0.678630820684211,-0.848067498238868,-1.22652772462402
"96",96,96,"6306675006944fb9dc5b859f","rough","RS",1.85,2.01666666666667,120,120,117,63.9193548387098,65.5383064516129,1,"rough",1.74063129865007,-1.74063129865007,1,0.4875,0.5,0.837904795646666,0.20841535380524,0.0518118419872751,0.755436144624537,-0.166997208198744,0.0590432430060723,630.083941719275,8,-7,-0.39583333333333,-0.0375000000000001,-0.0768053239403254,-0.681070290040123,-1.28557096763009
"97",97,97,"5ff6d9ee8c6cb429d55ea0fa","smooth","RS",2.55833333333333,2.44583333333333,0,0,240,60.0000000000001,55.7983870967741,2,"smooth",-1.00335232637842,1.00335232637842,1,1,0,0.650872335870862,0.540713487257394,0.0919146275560041,-0.0648611966761069,0.125246750080006,0.111817122589679,720.858385033455,7,-5,-0.0249999999999999,-0.0249999999999999,-0.186504186952436,-0.267032797488535,-1.03661536825112
"98",98,98,"5ff6d9ee8c6cb429d55ea0fa","rough","RS",2.58333333333333,2.47083333333333,5,5,233,51.5967741935481,55.7983870967741,1,"rough",-0.916521920179936,0.916521920179936,1,0.970833333333333,0.0208333333333333,0.755713202857813,0.405247600865739,0.0710505606377961,-0.0648611966761069,0.125246750080006,0.111817122589679,828.557199493993,7,-5,-0.0249999999999999,-0.0249999999999999,-0.121642990276329,-0.39227954756854,-1.1484324908408
"99",99,99,"5efd146921bf49159fe2d166","smooth","SR",1.94583333333333,2.52083333333333,99,99,139,67.7580645161291,61.3931451612903,1,"smooth",1.02836671327576,-1.02836671327576,1,0.579166666666667,0.4125,0.910890560974155,0.272834556773106,0.0715774692189727,-0.231366962669326,0.150795211326263,0.0692881838571933,838.171127704404,-46,46,-2.59583333333334,-2,-0.0405337982411496,-0.564100623511895,-1.14522366112435
"100",100,100,"5efd146921bf49159fe2d166","rough","SR",4.54166666666667,4.52083333333333,53,53,185,55.0282258064515,61.3931451612903,2,"rough",-1.9307461198508,1.9307461198508,1,0.770833333333333,0.220833333333333,1.55179077020578,0.192798728384817,0.0610222413164043,-0.231366962669326,0.150795211326263,0.0692881838571933,956.236455765771,-46,46,-2.59583333333334,-2,0.190833164428176,-0.714895834838158,-1.21451184498155
"101",101,101,"5dc9864276244069e9aac84c","smooth","RS",4.00833333333333,3.29583333333333,48,48,177,59.2782258064516,55.9455645161291,2,"smooth",-1.01508296803146,1.01508296803146,1,0.7375,0.2,18.64673074154,1.53154581330431,0.0587695550647087,1.34752563983229,0.77700316090293,0.0249123851063395,816.342953123162,-3,10,-2.0625,-0.72083333333334,1.27060269966387,0.185129992437187,-1.23084759725009
"102",102,102,"5dc9864276244069e9aac84c","rough","RS",6.07083333333333,4.01666666666667,38,38,180,52.6129032258066,55.9455645161291,1,"rough",-2.33100678133172,2.33100678133172,1,0.75,0.158333333333333,0.837677903843995,0.25593332064702,0.05549323177022,1.34752563983229,0.77700316090293,0.0249123851063395,896.830118995887,-3,10,-2.0625,-0.72083333333334,-0.0769229401684245,-0.591873168465743,-1.25575998235643
"103",103,103,"604a91dd5ad5f9b599efc5a4","smooth","RS",1.65833333333333,1.86666666666667,56,56,178,58.8467741935485,54.4274193548387,2,"smooth",0.750353893793242,-0.750353893793242,1,0.741666666666667,0.233333333333333,0.614921322877658,0.313259441607731,0.057267139931488,0.0082328869733658,-0.0249584734541199,0.0264764679942056,766.611336844754,-28,34,-0.44583333333334,-0.0125,-0.211180447193525,-0.504095830545006,-1.24209450613042
"104",104,104,"604a91dd5ad5f9b599efc5a4","rough","RS",2.10416666666667,1.87916666666667,22,22,206,50.008064516129,54.4274193548387,1,"rough",0.00240124695405269,-0.00240124695405269,1,0.858333333333333,0.0916666666666667,0.603374102507311,0.331789503769828,0.0538801785055808,0.0082328869733658,-0.0249584734541199,0.0264764679942056,688.356724741631,-28,34,-0.44583333333334,-0.0125,-0.219413334166891,-0.479137357090886,-1.26857097412462
"105",105,105,"5ecd7b06a1a9170e7806f51e","smooth","RS",1.39583333333333,1.67083333333333,119,119,121,66.733870967742,60.5483870967742,2,"smooth",2.06207716695352,-2.06207716695352,1,0.504166666666667,0.495833333333333,0.75486980263064,0.307684384168604,0.0595760019677369,0.0877943601142967,0.144309698709099,0.176586759207024,725.193298021124,-18,18,-0.975,-0.425,-0.122127947543062,-0.511894544836396,-1.22492864482037
"106",106,106,"5ecd7b06a1a9170e7806f51e","rough","RS",2.37083333333333,2.09583333333333,101,101,139,54.3629032258064,60.5483870967742,1,"rough",1.11870422808741,-1.11870422808741,1,0.579166666666667,0.420833333333333,0.616705316399938,0.22069665787078,0.039672045737094,0.0877943601142967,0.144309698709099,0.176586759207024,796.892147666029,-18,18,-0.975,-0.425,-0.209922307657359,-0.656204243545495,-1.40151540402739
"107",107,107,"5f47b4a74191761c1b5a1338","smooth","RS",2.02916666666667,2.51666666666667,65,65,175,66.4153225806451,60.2963709677419,2,"smooth",0.355474178702267,-0.355474178702267,1,0.729166666666667,0.270833333333333,5.88759048006589,0.494742669653076,0.0660433392567267,0.86685924488963,0.312302171080381,0.212377123637482,757.153173758963,20,-18,-0.0958333333333301,0.44166666666667,0.769937594394515,-0.305620631791205,-1.18017097623137
"108",108,108,"5f47b4a74191761c1b5a1338","rough","RS",2.125,2.075,83,83,155,54.1774193548388,60.2963709677419,1,"rough",0.913152998425639,-0.913152998425639,1,0.645833333333333,0.345833333333333,0.799978563243836,0.241033383457698,0.0404997087588419,0.86685924488963,0.312302171080381,0.212377123637482,610.164422526732,20,-18,-0.0958333333333301,0.44166666666667,-0.0969216504951158,-0.617922802871586,-1.39254809986885
"109",109,109,"6083e6f895a0a89f8dde9ecd","smooth","RS",1.82083333333333,2.18333333333333,140,140,100,71.6975806451611,63.391129032258,2,"smooth",1.99876450240322,-1.99876450240322,1,0.416666666666667,0.583333333333333,9.76494406970733,0.00673794699908547,0.0672107729574111,1.06854220656845,0,0.448117847566814,668.174813912871,37,-36,0.22916666666666,0.30833333333333,0.989669760139281,-2.17147240951626,-1.17256110996735
"110",110,110,"6083e6f895a0a89f8dde9ecd","rough","RS",1.59166666666667,1.875,176,176,63,55.0846774193549,63.391129032258,1,"rough",2.92915626862148,-2.92915626862148,1,0.2625,0.733333333333333,0.833926075204329,0.00673794699908547,0.0239508561554235,1.06854220656845,0,0.448117847566814,630.353142335976,37,-36,0.22916666666666,0.30833333333333,-0.0788724464291686,-2.17147240951626,-1.62067895753416
"111",111,111,"5f481bf67f52512c71e6999a","smooth","RS",0.941666666666667,1.3,134,134,106,66.8104838709677,62.6693548387097,2,"smooth",2.7191149642506,-2.7191149642506,1,0.441666666666667,0.558333333333333,6.37572372177089,0.00673794699908547,0.058592599770279,0.775822537340465,-0.744358521440874,0.190647485170093,651.478352552252,5,-5,-1.42083333333333,-0.975,0.804529489581594,-2.17147240951626,-1.23215723179556
"112",112,112,"5f481bf67f52512c71e6999a","rough","RS",2.3625,2.275,139,139,101,58.5282258064516,62.6693548387097,1,"rough",1.72027189679502,-1.72027189679502,1,0.420833333333333,0.579166666666667,1.06833375916167,0.0374012495501797,0.0377742006628864,0.775822537340465,-0.744358521440874,0.190647485170093,697.078051544778,5,-5,-1.42083333333333,-0.975,0.0287069522411289,-1.42711388807539,-1.42280471696566
"113",113,113,"615f31f9f80219604bd66070","smooth","SR",0.970833333333333,1.2375,147,147,92,56.1209677419358,59.2701612903228,1,"smooth",2.99064310696049,-2.99064310696049,1,0.383333333333333,0.6125,17.7473688460048,0.00673794699908547,0.0590896034868338,1.3239322199642,-1.36656751435686,0.130941041878275,903.437817095807,0,0,-0.783333333333337,-0.97083333333333,1.24913397539885,-2.17147240951626,-1.22848892428769
"114",114,114,"615f31f9f80219604bd66070","rough","SR",1.75416666666667,2.20833333333333,147,147,92,62.4193548387098,59.2701612903228,2,"rough",2.14845336964912,-2.14845336964912,1,0.383333333333333,0.6125,0.841786110185088,0.156709420577607,0.0437089157888102,1.3239322199642,-1.36656751435686,0.130941041878275,601.925121724094,0,0,-0.783333333333337,-0.97083333333333,-0.0747982445653524,-0.804904895159399,-1.35942996616596
"115",115,115,"5f3f47ae0c03be23a4ed6845","smooth","RS",2.85416666666667,2.46666666666667,1,1,238,54.8104838709676,48.5584677419355,2,"smooth",-1.10153059297326,1.10153059297326,1,0.991666666666667,0.00416666666666667,0.556649616690434,0.567510223925319,0.0909005179368396,-0.0254532943744757,0.0698126320903605,0.0284773877567164,691.587644013618,14,-4,-2.6625,-0.54583333333333,-0.254418085651112,-0.246026310074305,-1.0414336422294
"116",116,116,"5f3f47ae0c03be23a4ed6845","rough","RS",5.51666666666667,3.0125,5,5,224,42.3064516129034,48.5584677419355,1,"rough",-2.26690117689984,2.26690117689984,1,0.933333333333333,0.0208333333333333,0.590248930351358,0.48323797731401,0.0851312421077105,-0.0254532943744757,0.0698126320903605,0.0284773877567164,853.43939728365,14,-4,-2.6625,-0.54583333333333,-0.228964791276637,-0.315838942164666,-1.06991102998612
"117",117,117,"60facd07a6a829240df53ee6","smooth","RS",1,1.14166666666667,200,200,40,61.8951612903225,56.6572580645161,2,"smooth",3.99684123874171,-3.99684123874171,1,0.166666666666667,0.833333333333333,34.2062894273516,0.110801074092995,0.0469128149364126,1.71919781976198,-0.458146294858726,-0.084413531347878,750.889993000885,-175,179,-1.725,-1.37083333333333,1.5341059660697,-0.95545602958593,-1.32870850705129
"118",118,118,"60facd07a6a829240df53ee6","rough","RS",2.725,2.5125,21,21,215,51.4193548387096,56.6572580645161,1,"rough",-0.681969411857151,0.681969411857151,1,0.895833333333333,0.0875,0.652992429527056,0.318192739170836,0.0569777144395959,1.71919781976198,-0.458146294858726,-0.084413531347878,817.421971599733,-175,179,-1.725,-1.37083333333333,-0.185091853692282,-0.497309734727205,-1.24429497570341
"119",119,119,"61511845dc84f339bcba596a","smooth","RS",4.9875,3.8625,2,2,237,50.3629032258065,47.0141129032258,2,"smooth",-2.68292498307607,2.68292498307607,1,0.9875,0.00833333333333333,18.9917115083847,1.87274647356156,0.0788632104708014,1.58374625568753,0.543514991709667,-0.127207217221738,1100.13915008931,8,0,-2.77083333333333,-0.75416666666667,1.27856410455553,0.27247898795413,-1.10312554705264
"120",120,120,"61511845dc84f339bcba596a","rough","RS",7.75833333333333,4.61666666666667,2,2,229,43.6653225806451,47.0141129032258,1,"rough",-4.09795995487244,4.09795995487244,1,0.954166666666667,0.00833333333333333,0.495242433409937,0.53575224089493,0.105701626509069,1.58374625568753,0.543514991709667,-0.127207217221738,955.616844952079,8,0,-2.77083333333333,-0.75416666666667,-0.305182151132,-0.271036003755537,-0.975918329830905
"121",121,121,"616add9b2e397369ee179517","smooth","RS",2.04166666666667,2.0875,13,13,225,56.8951612903225,53.1572580645161,2,"smooth",-0.34731676656841,0.34731676656841,1,0.9375,0.0541666666666667,22.4329920224111,1.13405439005419,0.0621410740228859,1.47771021308188,0.413939232423203,-0.0622008850756213,906.867680787122,1,1,0.0875000000000001,0.15833333333333,1.35088720190055,0.0546338841282703,-1.20662124483415
"122",122,122,"616add9b2e397369ee179517","rough","RS",1.95416666666667,1.92916666666667,12,12,224,49.4193548387096,53.1572580645161,1,"rough",-0.225328832323104,0.225328832323104,1,0.933333333333333,0.05,0.746753022022104,0.437214595668448,0.0717099864173225,1.47771021308188,0.413939232423203,-0.0622008850756213,792.621635106021,1,1,0.0875000000000001,0.15833333333333,-0.126823011181325,-0.359305348294933,-1.14442035975853
"123",123,123,"61534b6c1614a5478e1cad97","smooth","RS",1.54583333333333,1.9375,115,115,120,64.1935483870968,55.4495967741935,2,"smooth",1.82880708616899,-1.82880708616899,1,0.5,0.479166666666667,7.15670037927682,0.00673794699908547,0.0554107848128579,1.02321704140984,-1.76855370275795,-0.096096030804188,871.670922653022,-112,111,-1.66666666666667,-0.6,0.854712835524608,-2.17147240951626,-1.25640569864934
"124",124,124,"61534b6c1614a5478e1cad97","rough","RS",3.2125,2.5375,4,4,232,46.7056451612902,55.4495967741935,1,"rough",-1.19635857236484,1.19635857236484,1,0.966666666666667,0.0166666666666667,0.678415550413035,0.395440633540199,0.0691337845969497,1.02321704140984,-1.76855370275795,-0.096096030804188,846.297009852936,-112,111,-1.66666666666667,-0.6,-0.168504205885229,-0.402918706758305,-1.16030966784515
"125",125,125,"5cd0909f6e2d5800163ed5de","smooth","RS",2.87083333333333,2.71666666666667,8,8,231,56.3629032258065,52.6270161290323,2,"smooth",-1.11837576336391,1.11837576336391,1,0.9625,0.0333333333333333,15.0893895383966,1.17865970810181,0.0589618179784973,1.35252510394989,0.383406946477979,-0.178102259285607,954.151078548176,-6,7,-2.1,-0.33333333333333,1.17867167016203,0.0713884376435122,-1.22942913427625
"126",126,126,"5cd0909f6e2d5800163ed5de","rough","RS",4.97083333333333,3.05,1,1,237,48.8911290322581,52.6270161290323,1,"rough",-2.23390027706815,2.23390027706815,1,0.9875,0.00416666666666667,0.670110721013828,0.487507712975849,0.088853210578477,1.35252510394989,0.383406946477979,-0.178102259285607,864.650473282888,-6,7,-2.1,-0.33333333333333,-0.173853433787858,-0.312018508834466,-1.05132687499065
"127",127,127,"5f34061f0db3510e84e37928","smooth","SR",2.97916666666667,3.58333333333333,39,39,200,65.1814516129031,59.9354838709676,1,"smooth",-1.07262243095932,1.07262243095932,1,0.833333333333333,0.1625,9.67764547931617,0.00673794699908547,0.0809322609526907,0.110487612113489,-2.06356373835195,0.152991525188988,957.34306997276,44,-35,-0.17916666666666,0.425,0.985769708576822,-2.17147240951626,-1.09187832683145
"128",128,128,"5f34061f0db3510e84e37928","rough","SR",3.15833333333333,3.15833333333333,74,74,156,54.6895161290321,59.9354838709676,2,"rough",-0.17923432050106,0.17923432050106,1,0.65,0.308333333333333,7.50381462180136,0.779994120125357,0.0569023428414285,0.110487612113489,-2.06356373835195,0.152991525188988,899.366800864581,44,-35,-0.17916666666666,0.425,0.875282096463333,-0.10790867116431,-1.24486985202044
"129",129,129,"6162fc52fa68079d28dc5be9","smooth","RS",2.89166666666667,3.10833333333333,27,27,210,60.9959677419355,56.3125,2,"smooth",-0.976632651976648,0.976632651976648,1,0.875,0.1125,9.07111007521115,1.16531459807156,0.0633319984945495,1.22208033996152,0.688990249571874,0.111909724922601,890.631278278273,34,-23,-1.575,0.0374999999999996,0.957660437009277,0.0664431869604828,-1.19837680722832
"130",130,130,"6162fc52fa68079d28dc5be9","rough","RS",4.46666666666667,3.07083333333333,50,50,176,51.6290322580645,56.3125,1,"rough",-1.03952745625498,1.03952745625498,1,0.733333333333333,0.208333333333333,0.543976448191632,0.238480535043859,0.0489455787186847,1.22208033996152,0.688990249571874,0.111909724922601,869.265953438796,34,-23,-1.575,0.0374999999999996,-0.264419902952248,-0.622547062611391,-1.31028653215092
"131",131,131,"5e907ee26870110009e83705","smooth","RS",2.85833333333333,3.37916666666667,43,43,192,60.0725806451615,56.7903225806453,2,"smooth",-0.801901010272403,0.801901010272403,1,0.8,0.179166666666667,0.852111774338085,0.330774633721088,0.0718990036209901,0.0586031586320568,-0.119044763774033,-0.116152635294458,855.855282752611,-40,37,-0.4125,-0.7625,-0.069503433643702,-0.480467802799535,-1.14327712804416
"132",132,132,"5e907ee26870110009e83705","rough","RS",3.27083333333333,4.14166666666667,6,6,232,53.508064516129,56.7903225806453,1,"rough",-2.092480208485,2.092480208485,1,0.966666666666667,0.025,0.744549210969136,0.435087855367116,0.0939453972643819,0.0586031586320568,-0.119044763774033,-0.116152635294458,988.202837171441,-40,37,-0.4125,-0.7625,-0.128106592275759,-0.361423039025502,-1.0271244927497
"133",133,133,"61674f47e2887da2ffd9bd55","smooth","RS",2.15,3.05416666666667,59,59,179,67.9233870967741,58.6713709677419,2,"smooth",-0.0816479616900892,0.0816479616900892,1,0.745833333333333,0.245833333333333,0.775712966798309,0.373962691278702,0.0861981048990914,0.0536241770002052,0.0615326168957458,0.108245940855443,876.996954017191,-40,49,-1.69166666666667,-0.0916666666666601,-0.110298948839577,-0.427171723414524,-1.06450228221374
"134",134,134,"61674f47e2887da2ffd9bd55","rough","RS",3.84166666666667,3.14583333333333,10,10,219,49.4193548387098,58.6713709677419,1,"rough",-1.60238093474849,1.60238093474849,1,0.9125,0.0416666666666667,0.685609574980192,0.32456049696796,0.0671818218471206,0.0536241770002052,0.0615326168957458,0.108245940855443,965.675705672319,-40,49,-1.69166666666667,-0.0916666666666601,-0.163923125839782,-0.48870434031027,-1.17274822306918
"135",135,135,"60df30c4e945892dc94a626c","smooth","RS",2.7375,2.0125,4,4,231,57.7661290322582,52.0181451612903,2,"smooth",-0.711805984723391,0.711805984723391,1,0.9625,0.0166666666666667,0.730428819216306,0.496017048622206,0.0816916236400557,0.00838883522429665,0.0616325675493967,0.0169532199392797,716.437075620327,5,-1,-1.02916666666667,-0.33333333333333,-0.136422099959382,-0.304503396099918,-1.08782247215057
"136",136,136,"60df30c4e945892dc94a626c","rough","RS",3.76666666666667,2.34583333333333,5,5,226,46.2701612903224,52.0181451612903,1,"rough",-1.23906782632143,1.23906782632143,1,0.941666666666667,0.0208333333333333,0.716455242400654,0.430391847537958,0.0785641304184636,0.00838883522429665,0.0616325675493967,0.0169532199392797,891.067335631928,5,-1,-1.02916666666667,-0.33333333333333,-0.144810935183679,-0.366135963649314,-1.10477569208985
"137",137,137,"6102de6a11e4443a9ec8717e","smooth","RS",2.23333333333333,2.26666666666667,148,148,91,59.9637096774194,62.953629032258,2,"smooth",1.94936021318635,-1.94936021318635,1,0.379166666666667,0.616666666666667,0.578804807129168,0.0980619381424782,0.0407432945374282,0.043640086502575,-0.243668603509685,0.0231865374269669,668.509611742703,27,-28,1.4625,1.5375,-0.237467870605865,-1.00849952740368,-1.38994385649501
"138",138,138,"6102de6a11e4443a9ec8717e","rough","RS",0.770833333333333,0.729166666666667,176,176,64,65.9435483870966,62.953629032258,1,"rough",3.87383905052033,-3.87383905052033,1,0.266666666666667,0.733333333333333,0.523470295940699,0.171857731991932,0.0386250990447732,0.043640086502575,-0.243668603509685,0.0231865374269669,460.306437888163,27,-28,1.4625,1.5375,-0.28110795710844,-0.764830923893991,-1.41313039392198
"139",139,139,"6166e78051425fa22de68491","smooth","SR",3.32083333333333,2.80833333333333,13,13,222,59.6129032258065,57.6451612903226,1,"smooth",-1.21417522733551,1.21417522733551,1,0.925,0.0541666666666667,14.1205619372944,0.325197366241536,0.0607385603730055,1.31694323588643,0.100481547121787,0.0903957752326952,834.143653841899,55,-59,0.97916666666666,0.84583333333333,1.14985198010177,-0.487852980394696,-1.21653550595528
"140",140,140,"6166e78051425fa22de68491","rough","SR",2.34166666666667,1.9625,72,72,167,55.6774193548387,57.6451612903226,2,"rough",0.680715305342441,-0.680715305342441,1,0.695833333333333,0.3,0.680626327598121,0.258027189809925,0.0493251845469928,1.31694323588643,0.100481547121787,0.0903957752326952,734.408677561314,55,-59,0.97916666666666,0.84583333333333,-0.167091255784667,-0.588334527516483,-1.30693128118797
"141",141,141,"6148d23ec2cc6a36048663f3","smooth","SR",2.57916666666667,3.37916666666667,2,2,228,61.0967741935485,53.4637096774194,1,"smooth",-1.40078677984657,1.40078677984657,1,0.95,0.00833333333333333,12.4672123520487,0.565023299493991,0.0765824508028095,1.19859502796366,0.220051980179072,0.0451714196305639,982.7841423238,-6,0,-1.65,-1.06666666666666,1.09576935680946,-0.247933643095541,-1.11587073941031
"142",142,142,"6148d23ec2cc6a36048663f3","rough","SR",4.22916666666667,4.44583333333333,2,2,234,45.8306451612902,53.4637096774194,2,"rough",-2.68655744078805,2.68655744078805,1,0.975,0.00833333333333333,0.789176835155127,0.340419458635495,0.0690172802215935,1.19859502796366,0.220051980179072,0.0451714196305639,974.218854814267,-6,0,-1.65,-1.06666666666666,-0.102825671154201,-0.467985623274613,-1.16104215904087
"143",143,143,"5f4e76eff69af505fa21da55","smooth","SR",1.3375,1.8875,67,67,172,64.2822580645161,61.8608870967742,1,"smooth",1.01833565534125,-1.01833565534125,1,0.716666666666667,0.279166666666667,0.668710612897918,0.27844276782378,0.0552163881354427,-0.118370478222025,0.162282455787151,0.0717262098952407,889.531445696808,43,-42,-0.6,-0.42083333333333,-0.17476178419291,-0.555264057842508,-1.25793200523296
"144",144,144,"5f4e76eff69af505fa21da55","rough","SR",1.9375,2.30833333333333,109,109,129,59.4395161290322,61.8608870967742,2,"rough",1.33338853099011,-1.33338853099011,1,0.5375,0.454166666666667,0.878230860798908,0.19162558176991,0.0468103388465938,-0.118370478222025,0.162282455787151,0.0717262098952407,710.236652661533,43,-42,-0.6,-0.42083333333333,-0.0563913059708853,-0.717546513629658,-1.3296582151282
"145",145,145,"5d0e091ccd9c9300191cb9c9","smooth","SR",3.05833333333333,2.85,7,7,230,63.8548387096776,62.6915322580646,1,"smooth",-1.2647225151951,1.2647225151951,1,0.958333333333333,0.0291666666666667,0.67309092068182,0.521612379262648,0.10568074345122,-0.200028325109857,0.45615434501981,0.299753233584471,907.582557114829,99,-96,0.2875,0.20416666666667,-0.171926267598623,-0.282652110179393,-0.976004140173748
"146",146,146,"5d0e091ccd9c9300191cb9c9","rough","SR",2.77083333333333,2.64583333333333,103,103,131,61.5282258064516,62.6915322580646,2,"rough",0.750862034716489,-0.750862034716489,1,0.545833333333333,0.429166666666667,1.066846796616,0.182470870873771,0.0529959432351326,-0.200028325109857,0.45615434501981,0.299753233584471,833.966759385433,99,-96,0.2875,0.20416666666667,0.0281020575112341,-0.738806455199203,-1.27575737375822
"147",147,147,"545d347afdf99b7f9fca22c7","smooth","RS",1.47916666666667,2.025,92,92,148,60.443548387097,58.1834677419355,2,"smooth",1.3370974227776,-1.3370974227776,1,0.616666666666667,0.383333333333333,19.7960577900147,0.00673794699908547,0.0663933135484281,1.59625880235473,-1.52649710016463,0.0723800136806214,970.063184674122,-14,15,-0.0291666666666599,-0.0249999999999999,1.29657871296332,-2.17147240951626,-1.17787565610248
"148",148,148,"545d347afdf99b7f9fca22c7","rough","RS",1.50833333333333,2.05,77,77,162,55.923387096774,58.1834677419355,1,"rough",1.0457027112394,-1.0457027112394,1,0.675,0.320833333333333,0.501556554876447,0.226477306153331,0.056201037147335,1.59625880235473,-1.52649710016463,0.0723800136806214,870.128675664526,-14,15,-0.0291666666666599,-0.0249999999999999,-0.299680089391412,-0.64497530935163,-1.2502556697831
"149",149,149,"59b7eb9791f20c00012fe164","smooth","RS",0.975,1.0875,185,185,55,63.4637096774195,58.6552419354839,2,"smooth",3.76110005976768,-3.76110005976768,1,0.229166666666667,0.770833333333333,0.580305663455201,0.110781501499205,0.0318266460812276,0.0978563708724828,-0.319407264740893,-0.0767687867378957,351.119477322457,-86,88,-1.10416666666667,-0.575,-0.236343190946171,-0.955532752852451,-1.49720912528604
"150",150,150,"59b7eb9791f20c00012fe164","rough","RS",2.07916666666667,1.6625,97,97,141,53.8467741935484,58.6552419354839,1,"rough",1.41730759569356,-1.41730759569356,1,0.5875,0.404166666666667,0.4632340110576,0.231139682237177,0.0379804111193795,0.0978563708724828,-0.319407264740893,-0.0767687867378957,580.277572270331,-86,88,-1.10416666666667,-0.575,-0.334199561818654,-0.636125488111558,-1.42044033854814
"151",151,151,"5bfd745a8acfed00011a6975","smooth","SR",2.04583333333333,2.47083333333333,11,11,227,62.8911290322582,56.7016129032259,1,"smooth",-0.59876163398147,0.59876163398147,1,0.945833333333333,0.0458333333333333,15.6871468734337,0.862897493187236,0.0775185231433714,1.39927886054659,0.316964375975095,0.000166976152520926,975.038474232749,-5,8,-1.59166666666667,-0.65833333333334,1.19554396272024,-0.0640407926825592,-1.11059450990974
"152",152,152,"5bfd745a8acfed00011a6975","rough","SR",3.6375,3.12916666666667,3,3,232,50.5120967741936,56.7016129032259,2,"rough",-1.6984853506146,1.6984853506146,1,0.966666666666667,0.0125,0.625554427384013,0.415905660657315,0.0774887247984305,1.39927886054659,0.316964375975095,0.000166976152520926,856.679381133048,-5,8,-1.59166666666667,-0.65833333333334,-0.203734897826354,-0.381005168657654,-1.11076148606226
"153",153,153,"5d595c1acf514a00177872ed","smooth","RS",1.72916666666667,1.80833333333333,8,8,227,62.5685483870966,57.1330645161289,2,"smooth",-0.135466370841953,0.135466370841953,1,0.945833333333333,0.0333333333333333,0.794509463451388,0.451584742489876,0.0710964051403282,-0.00947746922673547,0.0491781106272344,0.0217663898007323,613.239673042416,-2,3,-1.02916666666666,-0.76666666666667,-0.0999009255173432,-0.345260739830312,-1.14815235802112
"154",154,154,"5d595c1acf514a00177872ed","rough","RS",2.75833333333333,2.575,5,5,229,51.6975806451613,57.1330645161289,1,"rough",-1.00491391872839,1.00491391872839,1,0.954166666666667,0.0208333333333333,0.81203835678858,0.403237719133885,0.0676209475625568,-0.00947746922673547,0.0491781106272344,0.0217663898007323,768.875477844915,-2,3,-1.02916666666666,-0.76666666666667,-0.0904234562906077,-0.394438850457547,-1.16991874782186
"155",155,155,"5faab845ab732146df12e37d","smooth","RS",3.29166666666667,3.025,118,118,122,66.0846774193546,59.9858870967739,2,"smooth",0.558823114816712,-0.558823114816712,1,0.508333333333333,0.491666666666667,4.0896219837397,0.250954732019867,0.0567700950829322,-0.00184713277418136,0.110340379448385,0.0779112278293477,693.90836292693,-14,14,-1.22083333333333,-1.3875,0.611683166696078,-0.600404610817785,-1.2458803783841
"156",156,156,"5faab845ab732146df12e37d","rough","RS",4.5125,4.4125,104,104,136,53.8870967741932,59.9858870967739,1,"rough",-0.941080924279714,0.941080924279714,1,0.566666666666667,0.433333333333333,4.1070529259603,0.194650269671916,0.0474469602239637,-0.00184713277418136,0.110340379448385,0.0779112278293477,791.745119458959,-14,14,-1.22083333333333,-1.3875,0.613530299470259,-0.71074499026617,-1.32379160621344
"157",157,157,"60756d8d77104c29f837c33f","smooth","RS",2.90416666666667,2.71666666666667,13,13,220,56.4596774193547,51.8467741935484,2,"smooth",-0.983772494646974,0.983772494646974,1,0.916666666666667,0.0541666666666667,0.650926808944153,0.405999948351792,0.0795941544235205,-0.0774064155689781,0.0208715318497661,0.0281086230080567,869.476585885646,-10,7,-1.36666666666666,-0.55416666666666,-0.186467841322235,-0.391474021670425,-1.09911882666975
"158",158,158,"60756d8d77104c29f837c33f","rough","RS",4.27083333333333,3.27083333333333,6,6,230,47.233870967742,51.8467741935484,1,"rough",-1.9759758386364,1.9759758386364,1,0.958333333333333,0.025,0.777926514869432,0.386949639582439,0.0746057928948093,-0.0774064155689781,0.0208715318497661,0.0281086230080567,949.748896829673,-10,7,-1.36666666666666,-0.55416666666666,-0.109061425753257,-0.412345553520191,-1.1272274496778
"159",159,159,"5b4d04608a01540001296146","smooth","RS",3.20416666666667,3.47916666666667,4,4,233,53.625,50.1693548387096,2,"smooth",-1.72590256654788,1.72590256654788,1,0.970833333333333,0.0166666666666667,15.0358966342884,1.2731855525614,0.0632873648133674,1.26691963959486,0.484916671394696,-0.118233374637029,1030.49017659248,0,0,-0.6875,-0.25,1.17712933145302,0.104891701832047,-1.19868298729021
"160",160,160,"5b4d04608a01540001296146","rough","RS",3.89166666666667,3.72916666666667,4,4,233,46.7137096774193,50.1693548387096,1,"rough",-2.13036227848431,2.13036227848431,1,0.970833333333333,0.0166666666666667,0.813223072604585,0.416845416444746,0.0830903115447809,1.26691963959486,0.484916671394696,-0.118233374637029,994.438026217087,0,0,-0.6875,-0.25,-0.089790308141837,-0.380024969562649,-1.08044961265318
"161",161,161,"6117772456477652eea60139","smooth","SR",3.47916666666667,4.1625,1,1,239,58.9193548387098,50.453629032258,1,"smooth",-2.2948925949123,2.2948925949123,1,0.995833333333333,0.00416666666666667,13.2756487629798,1.1487716019916,0.0669050432363016,1.3425207090641,0.466982629684571,-0.0106220323266477,929.776086378908,3,1,-1.31666666666666,-0.375,1.1230557536554,0.0602336911297843,-1.17454114430773
"162",162,162,"6117772456477652eea60139","rough","SR",4.79583333333333,4.5375,0,0,236,41.9879032258062,50.453629032258,2,"rough",-2.99307102566386,2.99307102566386,1,0.983333333333333,0,0.603302388334737,0.391968404773592,0.0685615911585389,1.3425207090641,0.466982629684571,-0.0106220323266477,868.425597519576,3,1,-1.31666666666666,-0.375,-0.219464955408701,-0.406748938554786,-1.16391911198109
"163",163,163,"60fb065054e6f49af241037e","smooth","SR",2.2375,2.6,14,14,221,59.1814516129031,53.7177419354839,1,"smooth",-0.66165923184066,0.66165923184066,1,0.920833333333333,0.0583333333333333,0.648159993821137,0.406163697375411,0.0784094969485668,0.0145610479311283,0.0769066230816204,-0.00208222898963051,1026.16787514324,6,0,-2.00833333333333,-1.54166666666667,-0.188317778300585,-0.391298896130855,-1.10563133243585
"164",164,164,"60fb065054e6f49af241037e","rough","SR",4.24583333333333,4.14166666666667,14,14,215,48.2540322580647,53.7177419354839,2,"rough",-2.23858355108092,2.23858355108092,1,0.895833333333333,0.0583333333333333,0.626788722424393,0.34024713798364,0.0787863346753673,0.0145610479311283,0.0769066230816204,-0.00208222898963051,1027.2196595382,6,0,-2.00833333333333,-1.54166666666667,-0.202878826231713,-0.468205519212475,-1.10354910344622
"165",165,165,"611dec6045e4d60c9ab77578","smooth","SR",3.6375,4,8,8,228,55.1209677419355,52.2822580645161,1,"smooth",-2.10003408743437,2.10003408743437,1,0.95,0.0333333333333333,17.4228756686773,1.14168122965169,0.0831707553397072,1.3185351494199,0.58324352718744,0.0785154511760018,1074.08370721617,23,-20,0.34166666666667,0.50833333333333,1.24111983746656,0.057544860890123,-1.08002935432547
"166",166,166,"611dec6045e4d60c9ab77578","rough","SR",3.29583333333333,3.49166666666667,28,28,205,49.4435483870967,52.2822580645161,2,"rough",-1.29034453124713,1.29034453124713,1,0.854166666666667,0.116666666666667,0.836728743152926,0.29805837797335,0.069415298331178,1.3185351494199,0.58324352718744,0.0785154511760018,996.216245446253,23,-20,0.34166666666667,0.50833333333333,-0.0774153119533352,-0.525698666297317,-1.15854480550147
"167",167,167,"5d833e4fec07340015a6a55c","smooth","RS",2.8,2.77916666666667,6,6,229,54.2298387096775,51.1995967741936,2,"smooth",-1.12540947963252,1.12540947963252,1,0.954166666666667,0.025,6.99672719851341,0.980235423366411,0.087930818826782,1.05511454891775,0.377498771865793,0.066132957801496,949.797977374345,8,0,-2.9875,-0.0208333333333299,0.844894941156683,-0.00866960717476056,-1.05585888259879
"168",168,168,"5d833e4fec07340015a6a55c","rough","RS",5.7875,2.8,6,6,221,48.1693548387098,51.1995967741936,1,"rough",-2.21643837252002,2.21643837252002,1,0.920833333333333,0.025,0.616283289824119,0.410990346348691,0.0755106414601868,1.05511454891775,0.377498771865793,0.066132957801496,840.319903118782,8,0,-2.9875,-0.0208333333333299,-0.210219607761069,-0.386168379040554,-1.12199184040028
"169",169,169,"58bfb1f692a88e0001658253","smooth","SR",1.39166666666667,1.78333333333333,1,1,239,49.7620967741934,47.5766129032257,1,"smooth",-0.166177815095098,0.166177815095098,1,0.995833333333333,0.00416666666666667,0.545877409558698,0.657875043542582,0.107695531996472,-0.0423881691203134,0.15225791123907,0.154460899028945,724.024452262942,-1,1,-1.04583333333333,-0.18333333333334,-0.262904878046126,-0.181856588230144,-0.967802314060686
"170",170,170,"58bfb1f692a88e0001658253","rough","SR",2.4375,1.96666666666667,0,0,240,45.391129032258,47.5766129032257,2,"rough",-0.690315130573148,0.690315130573148,1,1,0,0.601843107308838,0.463324750484628,0.0754634727166723,-0.0423881691203134,0.15225791123907,0.154460899028945,810.544141803585,-1,1,-1.04583333333333,-0.18333333333334,-0.220516708925812,-0.334114499469214,-1.12226321308963
"171",171,171,"60f2027a5832b992570eb572","smooth","SR",3.4125,2.79166666666667,75,75,164,63.3024193548387,59.5100806451612,1,"smooth",-0.138637131724674,0.138637131724674,1,0.683333333333333,0.3125,0.797687391005135,0.302089777988386,0.065011510720203,0.0363250478533355,0.199538925546944,0.168829260918544,873.687256065206,28,-28,1.01666666666667,0.17083333333334,-0.0981672727603183,-0.519863969987713,-1.18700974182355
"172",172,172,"60f2027a5832b992570eb572","rough","SR",2.39583333333333,2.62083333333333,103,103,136,55.7177419354836,59.5100806451612,2,"rough",0.863201364158547,-0.863201364158547,1,0.566666666666667,0.429166666666667,0.733681687586465,0.190808230689093,0.0440718211825363,0.0363250478533355,0.199538925546944,0.168829260918544,859.325743762673,28,-28,1.01666666666667,0.17083333333334,-0.134492320613654,-0.719402895534657,-1.35583900274209
"173",173,173,"6152fba7f508f497080bc278","smooth","SR",2.40833333333333,2.56666666666667,30,30,189,55.8387096774194,51.9516129032258,1,"smooth",-0.266850670005587,0.266850670005587,1,0.7875,0.125,0.653260878540084,0.299137617384428,0.0662824621429173,-0.0176806573676128,0.15904881356744,0.0622621458141921,936.187581540774,50,0,-1.04166666666667,0.0166666666666702,-0.184913349376233,-0.524128969799759,-1.17860136755472
"174",174,174,"6152fba7f508f497080bc278","rough","SR",3.45,2.55,30,30,139,48.0645161290322,51.9516129032258,2,"rough",-0.196167469317829,0.196167469317829,1,0.579166666666667,0.125,0.680404704832658,0.207406430192535,0.057429691933813,-0.0176806573676128,0.15904881356744,0.0622621458141921,1034.829175072,50,0,-1.04166666666667,0.0166666666666702,-0.16723269200862,-0.683177783367199,-1.24086351336891
"175",175,175,"60fc3971c59904a050e60007","smooth","SR",0.866666666666667,1.09583333333333,128,128,110,72.3830645161289,64.2560483870967,1,"smooth",2.76991978983623,-2.76991978983623,1,0.458333333333333,0.533333333333333,17.5455603887258,0.00673794699908547,0.0733629358521944,-0.0287433938858852,0,0.0876907281052792,746.295246681119,62,-64,0.358333333333334,0.404166666666663,1.24416724373095,-2.17147240951626,-1.13452329730947
"176",176,176,"60fc3971c59904a050e60007","rough","SR",0.508333333333333,0.691666666666667,192,192,48,56.1290322580645,64.2560483870967,2,"rough",4.28992553353095,-4.28992553353095,1,0.2,0.8,18.7460874046617,0.00673794699908547,0.0599495564999549,-0.0287433938858852,0,0.0876907281052792,803.630559261236,62,-64,0.358333333333334,0.404166666666663,1.27291063761683,-2.17147240951626,-1.22221402541475
"177",177,177,"60f06a479c4f3ec0a536d40a","smooth","RS",2.7875,3.3625,98,98,141,61.1290322580642,53.2237903225805,2,"smooth",0.207816975174997,-0.207816975174997,1,0.5875,0.408333333333333,10.2626428431518,0.0685187529371798,0.0483706957874707,1.17719028418634,-0.720381870055497,-0.17366967168476,792.668613149885,-92,96,-2.30416666666667,-1.3875,1.01125921500554,-1.16419054993055,-1.31541766546485
"178",178,178,"60f06a479c4f3ec0a536d40a","rough","RS",5.09166666666667,4.75,2,2,233,45.3185483870967,53.2237903225805,1,"rough",-3.17943294723449,3.17943294723449,1,0.970833333333333,0.00833333333333333,0.682447002904321,0.359907850755455,0.0721526034591124,1.17719028418634,-0.720381870055497,-0.17366967168476,967.16741110724,-92,96,-2.30416666666667,-1.3875,-0.165931069180807,-0.443808679875052,-1.14174799378009
"179",179,179," 610cda1332fb63830158c55d","smooth","RS",1.03333333333333,1.07916666666667,168,168,72,69.2741935483871,67.3487903225806,2,"smooth",3.43096560556136,-3.43096560556136,1,0.3,0.7,1.5019088886149,0.00673794699908547,0.0374605253739445,-1.18406413771105,-1.83925655452673,-0.171224408404983,474.534001793102,17,-16,-0.175,-0.29583333333333,0.176643587546999,-2.17147240951626,-1.42642613605301
"180",180,180," 610cda1332fb63830158c55d","rough","RS",1.20833333333333,1.375,184,184,55,65.4233870967741,67.3487903225806,1,"rough",3.5020774897585,-3.5020774897585,1,0.229166666666667,0.766666666666667,22.9460388871713,0.465354743334515,0.0555646102441084,-1.18406413771105,-1.83925655452673,-0.171224408404983,561.385493967816,17,-16,-0.175,-0.29583333333333,1.36070772525805,-0.332215854989531,-1.25520172764803
