subjectID,smoothness,order,av_distance,av_distance_prev,reclicks,HVclicks,Novclicks,performance,performance_av,sequence,context,PCA,PEC
h8XuoR0c,smooth,RS,112.291.666.666.667,139.791.666.666.667,173,173,307,659.858.870.967.742,609.324.596.774.194,2,smooth,0.793605007,-0.793605007
h8XuoR0c,rough,RS,139.583.333.333.333,148.541.666.666.667,159,159,318,558.790.322.580.645,609.324.596.774.194,1,rough,0.513646643,-0.513646643
pVH8Cnvo,smooth,SR,169.375,184.375,11,11,465,605.362.903.225.806,593.790.322.580.645,1,smooth,-107.799.154.823.694,107.799.154.823.694
pVH8Cnvo,rough,SR,12.125,121.458.333.333.333,224,224,255,582.217.741.935.484,593.790.322.580.645,2,rough,129.917.459.356.079,-129.917.459.356.079
x1ehpmAF,smooth,RS,241.041.666.666.667,242.708.333.333.333,35,35,415,587.802.419.354.839,517.943.548.387.097,2,smooth,-144.359.767.544.792,144.359.767.544.792
x1ehpmAF,rough,RS,429.375,287.083.333.333.333,8,8,447,448.084.677.419.355,517.943.548.387.097,1,rough,-280.103.103.270.918,280.103.103.270.918
AuCCd4oS,smooth,SR,275.208.333.333.333,29.375,110,110,369,663.064.516.129.032,6.221.875,1,smooth,-14.019.111.806.589,14.019.111.806.589
AuCCd4oS,rough,SR,120.833.333.333.333,130.416.666.666.667,316,316,160,581.310.483.870.968,6.221.875,2,rough,203.137.823.811.808,-203.137.823.811.808
0H4PEg6z,smooth,SR,183.958.333.333.333,177.708.333.333.333,267,267,212,612.177.419.354.839,605.836.693.548.387,1,smooth,1.035.853.415.732,-1.035.853.415.732
0H4PEg6z,rough,SR,110.833.333.333.333,110.625,394,394,82,599.495.967.741.936,605.836.693.548.387,2,rough,2.852.693.685.963,-2.852.693.685.963
N4LWuRgd,smooth,RS,124.166.666.666.667,161.458.333.333.333,254,254,226,687.278.225.806.452,645.241.935.483.871,2,smooth,128.797.058.619.421,-128.797.058.619.421
N4LWuRgd,rough,RS,125.625,147.083.333.333.333,274,274,205,60.320.564.516.129,645.241.935.483.871,1,rough,154.212.236.651.619,-154.212.236.651.619
ucvaem47,smooth,RS,233.958.333.333.333,203.541.666.666.667,5,5,469,560.141.129.032.258,505.110.887.096.774,2,smooth,-152.469.734.647.692,152.469.734.647.692
ucvaem47,rough,RS,462.083.333.333.333,247.916.666.666.667,4,4,465,45.008.064.516.129,505.110.887.096.774,1,rough,-27.982.226.273.139,27.982.226.273.139
iW4dEHOH,smooth,SR,287.708.333.333.333,316.041.666.666.667,35,35,436,543.528.225.806.452,532.701.612.903.226,1,smooth,-219.068.861.928.421,219.068.861.928.421
iW4dEHOH,rough,SR,250.416.666.666.667,245.416.666.666.667,101,101,349,521.875,532.701.612.903.226,2,rough,-0.947523179,0.947523179
hv80M7Es,smooth,RS,17.375,184.166.666.666.667,211,211,263,636.733.870.967.742,609.385.080.645.161,2,smooth,0.592237214,-0.592237214
hv80M7Es,rough,RS,234.375,228.958.333.333.333,204,204,271,582.036.290.322.581,609.385.080.645.161,1,rough,-0.015567312,0.015567312
NiFE0W3W,smooth,RS,0.652083333,0.822916667,360,360,120,648.588.709.677.419,612.409.274.193.548,2,smooth,292.712.221.480.874,-292.712.221.480.874
NiFE0W3W,rough,RS,0.79375,101.041.666.666.667,356,356,122,576.229.838.709.677,612.409.274.193.548,1,rough,272.373.244.035.041,-272.373.244.035.041
1t4AGMJm,smooth,SR,1.55,231.666.666.666.667,216,216,262,676.149.193.548.387,615.171.370.967.742,1,smooth,0.408477925,-0.408477925
1t4AGMJm,rough,SR,173.541.666.666.667,227.083.333.333.333,230,230,240,554.193.548.387.097,615.171.370.967.742,2,rough,0.50571793,-0.50571793
JHYYuAgs,smooth,SR,4.225,199.791.666.666.667,64,64,328,417.479.838.709.677,411.350.806.451.613,1,smooth,-149.691.650.068.586,149.691.650.068.586
JHYYuAgs,rough,SR,563.333.333.333.333,184.166.666.666.667,25,25,369,405.221.774.193.548,411.350.806.451.613,2,rough,-236.245.064.811.077,236.245.064.811.077
QCYPsexX,smooth,RS,0.758333333,0.98125,330,330,148,666.935.483.870.968,615.423.387.096.774,2,smooth,253.901.249.902.087,-253.901.249.902.087
QCYPsexX,rough,RS,220.833.333.333.333,151.041.666.666.667,274,274,197,563.911.290.322.581,615.423.387.096.774,1,rough,1.128.675.848.816,-1.128.675.848.816
IcVJr6Co,smooth,SR,173.125,206.875,66,66,392,574.596.774.193.548,508.225.806.451.613,1,smooth,-0.694955126,0.694955126
IcVJr6Co,rough,SR,216.041.666.666.667,154.791.666.666.667,28,28,421,441.854.838.709.677,508.225.806.451.613,2,rough,-0.846407639,0.846407639
u2v4GSN8,smooth,RS,0.929166667,0.9625,349,349,131,644.052.419.354.839,622.439.516.129.032,2,smooth,262.579.695.314.249,-262.579.695.314.249
u2v4GSN8,rough,RS,105.833.333.333.333,109.791.666.666.667,305,305,167,600.826.612.903.226,622.439.516.129.032,1,rough,214.937.183.984.792,-214.937.183.984.792
cbSgT6Ok,smooth,RS,126.875,137.083.333.333.333,73,73,403,569.778.225.806.452,556.995.967.741.936,2,smooth,-0.077571563,0.077571563
cbSgT6Ok,rough,RS,261.458.333.333.333,1.55,168,168,309,544.213.709.677.419,556.995.967.741.936,1,rough,0.008146266,-0.008146266
CNJFxQlD,smooth,RS,226.041.666.666.667,243.125,207,207,271,68.320.564.516.129,627.913.306.451.613,2,smooth,-0.053162005,0.053162005
CNJFxQlD,rough,RS,229.375,1.85,249,249,222,572.620.967.741.936,627.913.306.451.613,1,rough,0.671890589,-0.671890589
61BY7Mt6,smooth,SR,154.583.333.333.333,178.541.666.666.667,286,286,193,659.233.870.967.742,643.104.838.709.677,1,smooth,132.080.692.711.681,-132.080.692.711.681
61BY7Mt6,rough,SR,212.083.333.333.333,228.958.333.333.333,301,301,178,626.975.806.451.613,643.104.838.709.677,2,rough,0.881308177,-0.881308177
Lnl7Wt61,smooth,RS,3.525,323.541.666.666.667,17,17,458,592.721.774.193.548,553.245.967.741.935,2,smooth,-26.927.275.769.268,26.927.275.769.268
Lnl7Wt61,rough,RS,346.666.666.666.667,340.416.666.666.667,106,106,374,513.770.161.290.323,553.245.967.741.935,1,rough,-204.417.088.409.328,204.417.088.409.328
F47lyxFv,smooth,RS,20.375,211.875,7,7,472,603.286.290.322.581,547.872.983.870.968,2,smooth,-144.610.006.384.472,144.610.006.384.472
F47lyxFv,rough,RS,312.916.666.666.667,233.958.333.333.333,4,4,465,492.459.677.419.355,547.872.983.870.968,1,rough,-20.497.673.948.237,20.497.673.948.237
sAmp3xEz,smooth,RS,158.958.333.333.333,1.825,223,223,255,638.548.387.096.774,596.028.225.806.452,2,smooth,0.752078826,-0.752078826
sAmp3xEz,rough,RS,176.875,198.333.333.333.333,221,221,236,553.508.064.516.129,596.028.225.806.452,1,rough,0.647090948,-0.647090948
rNFwWQCW,smooth,RS,28.875,315.416.666.666.667,1,1,478,600.100.806.451.613,534.586.693.548.387,2,smooth,-25.108.792.526.031,25.108.792.526.031
rNFwWQCW,rough,RS,43.625,450.625,3,3,472,469.072.580.645.161,534.586.693.548.387,1,rough,-396.393.807.287.804,396.393.807.287.804
iTXbRBtS,smooth,SR,0.972916667,124.166.666.666.667,328,328,152,656.915.322.580.645,613.719.758.064.516,1,smooth,225.827.651.342.565,-225.827.651.342.565
iTXbRBtS,rough,SR,14.375,182.291.666.666.667,324,324,155,570.524.193.548.387,613.719.758.064.516,2,rough,166.505.196.146.774,-166.505.196.146.774
SRUmkf4X,smooth,RS,247.291.666.666.667,281.458.333.333.333,3,3,475,610.181.451.612.903,533.881.048.387.097,2,smooth,-209.684.005.513.405,209.684.005.513.405
SRUmkf4X,rough,RS,397.916.666.666.667,340.625,8,8,466,45.758.064.516.129,533.881.048.387.097,1,rough,-307.090.716.518.705,307.090.716.518.705
uFvx10vN,smooth,RS,0.804166667,0.989583333,366,366,111,61.383.064.516.129,600.735.887.096.774,2,smooth,282.014.209.222.337,-282.014.209.222.337
uFvx10vN,rough,RS,0.56875,0.527083333,349,349,116,587.641.129.032.258,600.735.887.096.774,1,rough,311.710.023.530.491,-311.710.023.530.491
aXJ5Rdlz,smooth,RS,189.166.666.666.667,1.95,4,4,474,609.677.419.354.839,556.078.629.032.258,2,smooth,-129.850.610.084.861,129.850.610.084.861
aXJ5Rdlz,rough,RS,226.875,170.625,3,3,472,502.479.838.709.677,556.078.629.032.258,1,rough,-131.181.416.163.671,131.181.416.163.671
51vnrcc6,smooth,RS,1.925,219.791.666.666.667,7,7,469,612.862.903.225.806,534.909.274.193.548,2,smooth,-143.213.374.678.188,143.213.374.678.188
51vnrcc6,rough,RS,294.166.666.666.667,230.833.333.333.333,9,9,462,45.695.564.516.129,534.909.274.193.548,1,rough,-191.371.597.103.846,191.371.597.103.846
zfxRAgLk,smooth,SR,139.791.666.666.667,157.291.666.666.667,253,253,226,665.161.290.322.581,646.209.677.419.355,1,smooth,124.001.714.349.761,-124.001.714.349.761
zfxRAgLk,rough,SR,143.125,147.916.666.666.667,281,281,198,627.258.064.516.129,646.209.677.419.355,2,rough,151.805.844.314.296,-151.805.844.314.296
xFsuM2g1,smooth,RS,1.375,2.05,212,212,268,673.266.129.032.258,630.524.193.548.387,2,smooth,0.6081669,-0.6081669
xFsuM2g1,rough,RS,187.083.333.333.333,174.166.666.666.667,252,252,228,587.782.258.064.516,630.524.193.548.387,1,rough,0.913532075,-0.913532075
YctMBS37,smooth,RS,0.645833333,0.879166667,292,292,185,727.177.419.354.839,637.046.370.967.742,2,smooth,233.681.085.223.976,-233.681.085.223.976
YctMBS37,rough,RS,242.708.333.333.333,181.875,121,121,344,546.915.322.580.645,637.046.370.967.742,1,rough,-0.417905548,0.417905548
t20SiRMd,smooth,SR,174.166.666.666.667,211.875,277,277,199,704.072.580.645.161,684.546.370.967.742,1,smooth,0.965894327,-0.965894327
t20SiRMd,rough,SR,1.525,175.208.333.333.333,316,316,162,665.020.161.290.323,684.546.370.967.742,2,rough,160.677.848.478.592,-160.677.848.478.592
q6XSMkDm,smooth,RS,175.625,185.625,233,233,245,655.564.516.129.032,603.901.209.677.419,2,smooth,0.742821229,-0.742821229
q6XSMkDm,rough,RS,2.875,294.375,157,157,306,552.237.903.225.806,603.901.209.677.419,1,rough,-0.997933,0.997933
8z0pLdPr,smooth,SR,132.708.333.333.333,154.375,319,319,161,656.532.258.064.516,626.572.580.645.161,1,smooth,183.956.824.135.206,-183.956.824.135.206
8z0pLdPr,rough,SR,140.416.666.666.667,155.625,334,334,145,596.612.903.225.806,626.572.580.645.161,2,rough,192.786.149.354.904,-192.786.149.354.904
7QTKYnfg,smooth,RS,146.458.333.333.333,181.666.666.666.667,260,260,219,679.012.096.774.194,647.752.016.129.032,2,smooth,111.928.877.325.366,-111.928.877.325.366
7QTKYnfg,rough,RS,154.583.333.333.333,151.666.666.666.667,279,279,201,616.491.935.483.871,647.752.016.129.032,1,rough,14.230.696.329.946,-14.230.696.329.946
U5mOdPiX,smooth,SR,0.9875,146.041.666.666.667,234,234,246,659.697.580.645.161,621.068.548.387.097,1,smooth,132.769.659.608.046,-132.769.659.608.046
U5mOdPiX,rough,SR,268.541.666.666.667,256.875,219,219,260,582.439.516.129.032,621.068.548.387.097,2,rough,-0.229947459,0.229947459
hN5cABWG,smooth,SR,126.666.666.666.667,161.666.666.666.667,237,237,240,642.741.935.483.871,622.066.532.258.064,1,smooth,114.547.281.717.573,-114.547.281.717.573
hN5cABWG,rough,SR,144.583.333.333.333,16.125,270,270,202,601.391.129.032.258,622.066.532.258.064,2,rough,136.677.369.645.614,-136.677.369.645.614
H9mdIs8c,smooth,RS,308.958.333.333.333,278.125,3,3,475,567.822.580.645.161,533.860.887.096.774,2,smooth,-23.502.666.672.443,23.502.666.672.443
H9mdIs8c,rough,RS,342.291.666.666.667,296.666.666.666.667,8,8,467,499.899.193.548.387,533.860.887.096.774,1,rough,-255.769.056.263.547,255.769.056.263.547
Juu4dboB,smooth,RS,160.416.666.666.667,197.916.666.666.667,267,267,213,65.070.564.516.129,61.116.935.483.871,2,smooth,101.191.353.027.458,-101.191.353.027.458
Juu4dboB,rough,RS,172.083.333.333.333,20.625,215,215,255,571.633.064.516.129,61.116.935.483.871,1,rough,0.514331389,-0.514331389
XXecW1bk,smooth,RS,156.458.333.333.333,181.875,95,95,381,610.423.387.096.774,562.026.209.677.419,2,smooth,-0.299670126,0.299670126
XXecW1bk,rough,RS,182.708.333.333.333,191.458.333.333.333,97,97,368,513.629.032.258.064,562.026.209.677.419,1,rough,-0.411912544,0.411912544
6en37nGl,smooth,SR,415.416.666.666.667,324.791.666.666.667,60,60,411,549.778.225.806.452,527.631.048.387.097,1,smooth,-260.180.121.842.133,260.180.121.842.133
6en37nGl,rough,SR,360.625,237.708.333.333.333,68,68,402,505.483.870.967.742,527.631.048.387.097,2,rough,-175.140.534.036.675,175.140.534.036.675
4C4MSc4v,smooth,RS,277.083.333.333.333,3.475,2,2,478,605.625,552.358.870.967.742,2,smooth,-265.220.310.270.496,265.220.310.270.496
4C4MSc4v,rough,RS,350.625,337.916.666.666.667,4,4,474,499.092.741.935.484,552.358.870.967.742,1,rough,-289.468.603.486.056,289.468.603.486.056
HloNAczZ,smooth,RS,208.541.666.666.667,17.625,3,3,476,562.681.451.612.903,513.991.935.483.871,2,smooth,-128.188.130.251.407,128.188.130.251.407
HloNAczZ,rough,RS,272.083.333.333.333,187.291.666.666.667,11,11,456,465.302.419.354.839,513.991.935.483.871,1,rough,-151.411.958.037.558,151.411.958.037.558
nSiOS8C4,smooth,RS,135.416.666.666.667,0.327083333,406,406,16,398.407.258.064.516,422.046.370.967.742,2,smooth,355.177.856.469.266,-355.177.856.469.266
nSiOS8C4,rough,RS,203.125,0.279166667,347,347,17,445.685.483.870.968,422.046.370.967.742,1,rough,303.009.928.547.764,-303.009.928.547.764
8gJqqr78,smooth,SR,162.083.333.333.333,157.083.333.333.333,23,23,436,592.237.903.225.806,527.247.983.870.968,1,smooth,-0.705088454,0.705088454
8gJqqr78,rough,SR,246.666.666.666.667,156.458.333.333.333,6,6,445,462.258.064.516.129,527.247.983.870.968,2,rough,-118.594.319.030.729,118.594.319.030.729
Wnrq6gME,smooth,RS,1.65,217.708.333.333.333,227,227,240,635.866.935.483.871,600.050.403.225.806,2,smooth,0.588802601,-0.588802601
Wnrq6gME,rough,RS,206.458.333.333.333,199.583.333.333.333,204,204,259,564.233.870.967.742,600.050.403.225.806,1,rough,0.339833377,-0.339833377
uTJQo1Bl,smooth,SR,117.291.666.666.667,130.416.666.666.667,344,344,136,640.907.258.064.516,646.229.838.709.677,1,smooth,226.539.033.564.698,-226.539.033.564.698
uTJQo1Bl,rough,SR,1.2,137.291.666.666.667,379,379,101,651.552.419.354.839,646.229.838.709.677,2,rough,250.506.400.472.151,-250.506.400.472.151
S3kUrmBH,smooth,SR,241.041.666.666.667,29.375,40,40,438,607.318.548.387.097,605.997.983.870.968,1,smooth,-183.388.739.650.207,183.388.739.650.207
S3kUrmBH,rough,SR,166.666.666.666.667,1.925,193,193,274,604.677.419.354.839,605.997.983.870.968,2,rough,0.45084887,-0.45084887
asRaqoTr,smooth,RS,0.8125,116.666.666.666.667,211,211,267,612.600.806.451.613,585.322.580.645.161,2,smooth,140.135.937.691.552,-140.135.937.691.552
asRaqoTr,rough,RS,0.910416667,0.96875,245,245,225,55.804.435.483.871,585.322.580.645.161,1,rough,179.899.496.662.341,-179.899.496.662.341
Kmn8cizr,smooth,SR,257.083.333.333.333,261.458.333.333.333,68,68,389,612.116.935.483.871,562.953.629.032.258,1,smooth,-138.257.726.688.421,138.257.726.688.421
Kmn8cizr,rough,SR,424.166.666.666.667,370.208.333.333.333,59,59,415,513.790.322.580.645,562.953.629.032.258,2,rough,-294.107.464.076.594,294.107.464.076.594
Dn98KoCr,smooth,SR,118.958.333.333.333,149.791.666.666.667,271,271,207,667.459.677.419.355,640.675.403.225.806,1,smooth,153.410.783.350.343,-153.410.783.350.343
Dn98KoCr,rough,SR,0.839583333,0.854166667,359,359,119,613.891.129.032.258,640.675.403.225.806,2,rough,282.466.932.170.813,-282.466.932.170.813
3z1KJ48X,smooth,RS,320.208.333.333.333,32.125,18,18,452,588.084.677.419.355,521.733.870.967.742,2,smooth,-250.565.451.953.803,250.565.451.953.803
3z1KJ48X,rough,RS,644.583.333.333.333,581.458.333.333.333,12,12,462,455.383.064.516.129,521.733.870.967.742,1,rough,-561.420.030.879.069,561.420.030.879.069
mfVFCnTo,smooth,SR,2.5,299.583.333.333.333,143,143,336,655.766.129.032.258,612.328.629.032.258,1,smooth,-104.862.260.488.898,104.862.260.488.898
mfVFCnTo,rough,SR,3,341.875,192,192,288,568.891.129.032.258,612.328.629.032.258,2,rough,-112.347.515.763.961,112.347.515.763.961
Pq02RK1l,smooth,SR,155.833.333.333.333,193.333.333.333.333,232,232,244,672.137.096.774.194,622.872.983.870.968,1,smooth,0.783384376,-0.783384376
Pq02RK1l,rough,SR,193.958.333.333.333,177.708.333.333.333,235,235,241,573.608.870.967.742,622.872.983.870.968,2,rough,0.735326961,-0.735326961
vn06WZQ7,smooth,SR,15.375,172.083.333.333.333,308,308,171,652.661.290.322.581,624.526.209.677.419,1,smooth,154.902.084.785.929,-154.902.084.785.929
vn06WZQ7,rough,SR,240.625,249.583.333.333.333,291,291,188,596.391.129.032.258,624.526.209.677.419,2,rough,0.543679247,-0.543679247
YvLLapPi,smooth,SR,178.541.666.666.667,197.708.333.333.333,203,203,277,671.391.129.032.258,636.663.306.451.613,1,smooth,0.395105893,-0.395105893
YvLLapPi,rough,SR,229.166.666.666.667,224.166.666.666.667,252,252,225,601.935.483.870.968,636.663.306.451.613,2,rough,0.431765735,-0.431765735
xQDIyvdA,smooth,SR,23.875,270.416.666.666.667,11,11,461,623.326.612.903.226,556.159.274.193.548,1,smooth,-189.842.657.910.145,189.842.657.910.145
xQDIyvdA,rough,SR,350.833.333.333.333,267.291.666.666.667,11,11,450,488.991.935.483.871,556.159.274.193.548,2,rough,-233.058.633.104.897,233.058.633.104.897
qbkpgPC9,smooth,SR,29.625,294.791.666.666.667,54,54,420,616.310.483.870.968,60.789.314.516.129,1,smooth,-195.102.816.085.009,195.102.816.085.009
qbkpgPC9,rough,SR,2.125,250.416.666.666.667,235,235,228,599.475.806.451.613,60.789.314.516.129,2,rough,0.260747462,-0.260747462
mcNUWUI6,smooth,SR,185.833.333.333.333,211.041.666.666.667,118,118,362,646.532.258.064.516,599.052.419.354.839,1,smooth,-0.433256108,0.433256108
mcNUWUI6,rough,SR,1.9,177.708.333.333.333,255,255,225,551.572.580.645.161,599.052.419.354.839,2,rough,0.903992858,-0.903992858
cCQm9cB8,smooth,SR,1.7,235.625,157,157,318,627.016.129.032.258,597.883.064.516.129,1,smooth,-0.16539363,0.16539363
cCQm9cB8,rough,SR,233.958.333.333.333,208.333.333.333.333,186,186,293,56.875,597.883.064.516.129,2,rough,-0.054971136,0.054971136
S0VYnbaj,smooth,RS,255.833.333.333.333,24.375,17,17,457,559.233.870.967.742,526.915.322.580.645,2,smooth,-176.836.272.521.651,176.836.272.521.651
S0VYnbaj,rough,RS,452.291.666.666.667,29.875,13,13,448,494.596.774.193.548,526.915.322.580.645,1,rough,-295.794.788.054.233,295.794.788.054.233
pNCyUXac,smooth,SR,13.875,157.083.333.333.333,324,324,156,685.887.096.774.194,657.449.596.774.194,1,smooth,183.807.203.100.849,-183.807.203.100.849
pNCyUXac,rough,SR,177.291.666.666.667,193.541.666.666.667,316,316,160,629.012.096.774.194,657.449.596.774.194,2,rough,139.235.288.873.018,-139.235.288.873.018
OD7o3Vdd,smooth,RS,127.916.666.666.667,147.916.666.666.667,251,251,228,679.072.580.645.161,614.475.806.451.613,2,smooth,133.362.588.308.552,-133.362.588.308.552
OD7o3Vdd,rough,RS,204.583.333.333.333,198.333.333.333.333,243,243,234,549.879.032.258.064,614.475.806.451.613,1,rough,0.624250951,-0.624250951
LdsdOTJK,smooth,RS,163.541.666.666.667,152.083.333.333.333,71,71,377,544.737.903.225.806,518.991.935.483.871,2,smooth,-0.231130595,0.231130595
LdsdOTJK,rough,RS,227.083.333.333.333,1.8,96,96,348,493.245.967.741.935,518.991.935.483.871,1,rough,-0.458180235,0.458180235
f2LYUydL,smooth,RS,0.8625,0.827083333,317,317,163,680.483.870.967.742,653.215.725.806.452,2,smooth,246.990.693.960.414,-246.990.693.960.414
f2LYUydL,rough,RS,0.81875,0.8125,340,340,140,625.947.580.645.161,653.215.725.806.452,1,rough,269.150.162.525.133,-269.150.162.525.133
523boSDv,smooth,RS,122.291.666.666.667,167.708.333.333.333,165,165,315,67.304.435.483.871,63.366.935.483.871,2,smooth,0.510293171,-0.510293171
523boSDv,rough,RS,0.985416667,119.166.666.666.667,265,265,211,59.429.435.483.871,63.366.935.483.871,1,rough,177.120.819.170.914,-177.120.819.170.914
RXXSZ6uZ,smooth,SR,232.708.333.333.333,233.541.666.666.667,6,6,466,586.834.677.419.355,538.457.661.290.323,1,smooth,-168.679.727.282.432,168.679.727.282.432
RXXSZ6uZ,rough,SR,341.875,251.875,4,4,472,49.008.064.516.129,538.457.661.290.323,2,rough,-231.818.635.249.159,231.818.635.249.159
pb7LqXeB,smooth,RS,314.583.333.333.333,2.475,26,26,429,579.899.193.548.387,536.582.661.290.323,2,smooth,-189.647.860.817.098,189.647.860.817.098
pb7LqXeB,rough,RS,373.958.333.333.333,290.416.666.666.667,14,14,440,493.266.129.032.258,536.582.661.290.323,1,rough,-252.074.205.336.556,252.074.205.336.556
qxBxO2aU,smooth,RS,0.722916667,0.816666667,383,383,96,585.665.322.580.645,575.907.258.064.516,2,smooth,309.692.051.390.009,-309.692.051.390.009
qxBxO2aU,rough,RS,109.791.666.666.667,1.225,300,300,170,566.149.193.548.387,575.907.258.064.516,1,rough,202.008.620.450.534,-202.008.620.450.534
71iEbD2f,smooth,RS,472.291.666.666.667,187.708.333.333.333,68,68,339,384.112.903.225.806,38.133.064.516.129,2,smooth,-167.359.272.878.208,167.359.272.878.208
71iEbD2f,rough,RS,588.541.666.666.667,1.8,15,15,384,378.548.387.096.774,38.133.064.516.129,1,rough,-255.393.548.520.244,255.393.548.520.244
yIINtdx0,smooth,SR,334.583.333.333.333,343.333.333.333.333,2,2,472,624.213.709.677.419,556.239.919.354.839,1,smooth,-285.663.100.771.126,285.663.100.771.126
yIINtdx0,rough,SR,36.375,320.208.333.333.333,1,1,479,488.266.129.032.258,556.239.919.354.839,2,rough,-287.773.156.990.199,287.773.156.990.199
3OMhW2L2,smooth,SR,221.666.666.666.667,221.041.666.666.667,242,242,236,651.229.838.709.677,6.046.875,1,smooth,0.39607691,-0.39607691
3OMhW2L2,rough,SR,359.166.666.666.667,297.291.666.666.667,162,162,301,558.145.161.290.323,6.046.875,2,rough,-129.222.108.994.319,129.222.108.994.319
Iq6t0xI9,smooth,RS,101.458.333.333.333,127.916.666.666.667,289,289,185,669.858.870.967.742,645.090.725.806.452,2,smooth,19.144.837.438.338,-19.144.837.438.338
Iq6t0xI9,rough,RS,163.958.333.333.333,179.166.666.666.667,305,305,172,620.322.580.645.161,645.090.725.806.452,1,rough,14.433.666.483.656,-14.433.666.483.656
2cHrWQjQ,smooth,SR,158.541.666.666.667,196.666.666.666.667,190,190,287,610.524.193.548.387,610.836.693.548.387,1,smooth,0.393840935,-0.393840935
2cHrWQjQ,rough,SR,102.708.333.333.333,1.125,314,314,163,611.149.193.548.387,610.836.693.548.387,2,rough,220.105.568.048.297,-220.105.568.048.297
lpCYtO4X,smooth,SR,190.833.333.333.333,196.875,74,74,363,563.447.580.645.161,541.975.806.451.613,1,smooth,-0.556140125,0.556140125
lpCYtO4X,rough,SR,280.416.666.666.667,236.041.666.666.667,78,78,373,520.504.032.258.064,541.975.806.451.613,2,rough,-122.054.572.233.216,122.054.572.233.216
nBnKbgVu,smooth,SR,293.541.666.666.667,280.833.333.333.333,38,38,442,606.935.483.870.968,586.844.758.064.516,1,smooth,-201.290.953.214.913,201.290.953.214.913
nBnKbgVu,rough,SR,1.875,210.416.666.666.667,249,249,229,566.754.032.258.064,586.844.758.064.516,2,rough,0.671991194,-0.671991194
rzXxVAPn,smooth,RS,251.666.666.666.667,278.541.666.666.667,77,77,393,623.407.258.064.516,550.292.338.709.677,2,smooth,-144.294.321.646.865,144.294.321.646.865
rzXxVAPn,rough,RS,412.291.666.666.667,350.625,20,20,451,477.177.419.354.839,550.292.338.709.677,1,rough,-308.278.619.040.304,308.278.619.040.304
ka1Am52q,smooth,RS,23.125,215.625,240,240,218,593.588.709.677.419,581.431.451.612.903,2,smooth,0.4545713,-0.4545713
ka1Am52q,rough,RS,1.7,152.083.333.333.333,301,301,148,569.274.193.548.387,581.431.451.612.903,1,rough,166.786.909.311.579,-166.786.909.311.579
D3K2ptQn,smooth,RS,108.125,120.208.333.333.333,434,434,46,58.804.435.483.871,557.671.370.967.742,2,smooth,312.485.988.308.711,-312.485.988.308.711
D3K2ptQn,rough,RS,210.416.666.666.667,173.125,212,212,254,527.298.387.096.774,557.671.370.967.742,1,rough,0.539489829,-0.539489829
AX6SiTCh,smooth,RS,0.972916667,105.833.333.333.333,307,307,173,672.278.225.806.452,635.493.951.612.903,2,smooth,219.463.857.149.079,-219.463.857.149.079
AX6SiTCh,rough,RS,0.870833333,101.875,310,310,165,598.709.677.419.355,635.493.951.612.903,1,rough,231.066.566.547.152,-231.066.566.547.152
bg6OzZya,smooth,RS,0.88125,10.125,306,306,172,646.290.322.580.645,62.570.564.516.129,2,smooth,226.360.143.012.224,-226.360.143.012.224
bg6OzZya,rough,RS,0.995833333,119.375,286,286,192,605.120.967.741.936,62.570.564.516.129,1,rough,193.323.705.924.402,-193.323.705.924.402
flxqwVUa,smooth,RS,360.625,256.041.666.666.667,270,270,170,572.540.322.580.645,518.689.516.129.032,2,smooth,-0.040609378,0.040609378
flxqwVUa,rough,RS,443.541.666.666.667,329.166.666.666.667,147,147,311,464.838.709.677.419,518.689.516.129.032,1,rough,-196.791.628.195.682,196.791.628.195.682
SJiKAAKo,smooth,RS,153.333.333.333.333,188.958.333.333.333,14,14,456,556.713.709.677.419,547.691.532.258.064,2,smooth,-0.984358193,0.984358193
SJiKAAKo,rough,RS,253.541.666.666.667,259.166.666.666.667,52,52,388,53.866.935.483.871,547.691.532.258.064,1,rough,-14.152.775.589.601,14.152.775.589.601
hqInOSUF,smooth,RS,153.125,182.083.333.333.333,193,193,283,667.358.870.967.742,617.389.112.903.226,2,smooth,0.537019463,-0.537019463
hqInOSUF,rough,RS,23.625,242.291.666.666.667,186,186,286,56.741.935.483.871,617.389.112.903.226,1,rough,-0.244410282,0.244410282
JODgyMcH,smooth,RS,0.96875,122.083.333.333.333,293,293,187,702.560.483.870.968,647.590.725.806.452,2,smooth,197.895.322.441.361,-197.895.322.441.361
JODgyMcH,rough,RS,232.916.666.666.667,220.833.333.333.333,176,176,299,592.620.967.741.936,647.590.725.806.452,1,rough,-0.194308339,0.194308339
085nmRnq,smooth,SR,276.458.333.333.333,273.958.333.333.333,21,21,448,599.778.225.806.452,605.161.290.322.581,1,smooth,-199.103.279.547.691,199.103.279.547.691
085nmRnq,rough,SR,264.791.666.666.667,242.916.666.666.667,277,277,195,61.054.435.483.871,605.161.290.322.581,2,rough,0.389328426,-0.389328426
Nww4hhTg,smooth,SR,178.958.333.333.333,1.925,216,216,259,651.068.548.387.097,618.477.822.580.645,1,smooth,0.555620159,-0.555620159
Nww4hhTg,rough,SR,125.208.333.333.333,1.475,276,276,204,585.887.096.774.194,618.477.822.580.645,2,rough,155.398.241.038.468,-155.398.241.038.468
LSMkQQ96,smooth,SR,160.625,171.041.666.666.667,249,249,230,660.887.096.774.194,618.921.370.967.742,1,smooth,102.930.981.349.153,-102.930.981.349.153
LSMkQQ96,rough,SR,183.125,170.833.333.333.333,266,266,213,57.695.564.516.129,618.921.370.967.742,2,rough,107.343.838.376.871,-107.343.838.376.871
wIAB3ieB,smooth,SR,293.125,237.083.333.333.333,16,16,447,572.661.290.322.581,522.449.596.774.194,1,smooth,-185.491.050.270.798,185.491.050.270.798
wIAB3ieB,rough,SR,326.458.333.333.333,2.475,3,3,460,472.237.903.225.806,522.449.596.774.194,2,rough,-217.623.956.162.841,217.623.956.162.841
